,Все категории,Продовольствие,Маркетплейсы,Здоровье,Общественное питание,Транспорт
2024-01,0.027777777777777776,0.021825396825396824,0.03125,0.06498015873015874,0.04265873015873016,0.027281746031746032
2024-02,0.0248015873015873,0.018849206349206348,0.05257936507936508,0.05853174603174603,0.03422619047619048,0.023809523809523808
2024-03,0.012896825396825396,0.007936507936507936,0.025297619047619048,0.036210317460317464,0.043154761904761904,0.02132936507936508
2024-04,0.008432539682539682,0.006448412698412698,0.015873015873015872,0.0625,0.032242063492063495,0.04117063492063492
2024-05,0.012896825396825396,0.011408730158730158,0.018849206349206348,0.028273809523809524,0.030753968253968252,0.04563492063492063
2024-06,0.014384920634920634,0.013888888888888888,0.01984126984126984,0.02976190476190476,0.07341269841269842,0.03521825396825397
2024-07,0.010912698412698412,0.01240079365079365,0.01984126984126984,0.032242063492063495,0.14285714285714285,0.02976190476190476
2024-08,0.011408730158730158,0.014384920634920634,0.04117063492063492,0.023809523809523808,0.07589285714285714,0.026785714285714284
2024-09,0.013888888888888888,0.015376984126984126,0.022321428571428572,0.031746031746031744,0.07291666666666667,0.020833333333333332
2024-10,0.017857142857142856,0.015376984126984126,0.014384920634920634,0.027281746031746032,0.09573412698412699,0.027777777777777776
2024-11,0.011904761904761904,0.014384920634920634,0.01240079365079365,0.02628968253968254,0.026785714285714284,0.026785714285714284
2024-12,0.01636904761904762,0.024305555555555556,0.01636904761904762,0.018849206349206348,0.05109126984126984,0.02132936507936508
