model,split,h,MAE,R2,WAPE,sMAPE,n,R2_yoy
N:snaive_own,val,1,343.10468066912455,0.9959283839161833,0.041288090782781825,0.057664896921762195,72576,0.8731993982784697
N:snaive_own,val,3,563.3988776045961,0.9926672821271659,0.06779757116717537,0.11922756806444201,72576,0.61882813420014
N:snaive_own,val,6,685.7222243068173,0.989784106846581,0.08251756109458032,0.15550616670380865,72576,0.12890254923085476
N:snaive_own,val,12,1349.7098188934049,0.9755218312011964,0.15264321188769941,0.33431031975129005,12096,-2.8931743854736656
N:snaive_own,test,1,173.51529322756434,0.999520024816489,0.018903624917980453,0.03103230487372515,72576,0.9543291999651934
N:snaive_own,test,3,218.12314686446845,0.9990662823376216,0.023763427865967794,0.03220247133605144,72576,0.9285430018582443
N:snaive_own,test,6,468.6770213829642,0.9954182087688239,0.05106002159867499,0.07129620829296221,72576,0.7077374767637225
N:snaive_own,test,12,674.3258040801281,0.9902768621496808,0.07346442976717003,0.14313255449491785,72576,-0.6603722549496316
N:snaive_own,all,1,258.30998694834443,0.99789829442618,0.029539779233950698,0.04434860089774367,145152,0.9030683457356904
N:snaive_own,all,3,390.76101223453225,0.9961770569012256,0.044686596019810496,0.07571501970024673,145152,0.7327719798620265
N:snaive_own,all,6,577.1996228448908,0.992879577774458,0.06600731792908698,0.11340118749838544,145152,0.3419812254646739
N:snaive_own,all,12,770.809234767739,0.9882960980141795,0.08441817799079551,0.17044366381725673,84672,-1.0364168409434922
N:snaive_own_d05,val,1,643.6934682120572,0.9904697946647157,0.07745995857588635,0.09283179489942632,72576,0.741729082601893
N:snaive_own_d05,val,3,680.3783454324671,0.9878448961145047,0.08187449625598332,0.1207155649798442,72576,0.6479111443502583
N:snaive_own_d05,val,6,651.5185304339199,0.9906224547639687,0.07840160087224649,0.12773441795585314,72576,0.573242018518855
N:snaive_own_d05,val,12,1120.0179680326407,0.9734140037779596,0.12666658982491924,0.2456571595848009,12096,-0.957626423354214
N:snaive_own_d05,test,1,652.6451832690678,0.991951079151362,0.07110243437081186,0.08074367030735875,72576,0.6984711056680937
N:snaive_own_d05,test,3,606.0944298344789,0.992726665308807,0.06603096218983948,0.07523735504312398,72576,0.749372256992804
N:snaive_own_d05,test,6,704.6985714328567,0.989184692984594,0.07677339113349792,0.09505075882982485,72576,0.611005849811839
N:snaive_own_d05,test,12,681.6033961728925,0.9907675403729633,0.07425728709212785,0.10605738531561858,72576,0.3220525484476414
N:snaive_own_d05,all,1,648.1693257405625,0.9912931650582346,0.07412326180181246,0.08678773260339254,145152,0.7260613797842773
N:snaive_own_d05,all,3,643.236387633473,0.9905316211622792,0.07355914151989976,0.09797646001148409,145152,0.6854186755034581
N:snaive_own_d05,all,6,678.1085509333883,0.9898492072148196,0.0775470477462888,0.111392588392839,145152,0.5874366743410935
N:snaive_own_d05,all,12,744.2340492957137,0.9884377360320489,0.08150769296269147,0.12600021021121607,84672,0.10537852364233347
N:snaive_nat,val,1,528.3896853605609,0.9932096197890844,0.06358467991548902,0.11527446292722998,72576,0.5632525373609487
N:snaive_nat,val,3,543.5973823589405,0.9927293974380633,0.06541472424202405,0.11450559527988771,72576,0.578655642055318
N:snaive_nat,val,6,490.28040688995657,0.9937000884831974,0.05899873446556962,0.11282599594822218,72576,0.6005743844584088
N:snaive_nat,val,12,437.00704387861697,0.9972098269937143,0.04942259281322536,0.09004363548264063,12096,0.552404659866396
N:snaive_nat,test,1,403.20490896316215,0.9972865600189575,0.04392716182159123,0.08005237535090723,72576,0.5471822366793389
N:snaive_nat,test,3,370.6934098952311,0.9975816974070314,0.0403851963125602,0.07491528107958084,72576,0.6085208817982344
N:snaive_nat,test,6,397.7697901553767,0.9974972844716873,0.04333503276244087,0.06568168508508325,72576,0.699048399286625
N:snaive_nat,test,12,369.5794260035668,0.9981104663383158,0.04026383332915403,0.0655757408654906,72576,0.7537648757776437
N:snaive_nat,all,1,465.79729716186154,0.9954487216793164,0.05326758554125856,0.0976634191390686,145152,0.557702083760878
N:snaive_nat,all,3,457.14539612708586,0.9953932064941325,0.05227817259001881,0.09471043817973428,145152,0.5899478260829334
N:snaive_nat,all,6,444.0250985226666,0.9957855174992154,0.05077776333640454,0.08925384051665271,145152,0.637023392652166
N:snaive_nat,all,12,379.2119428428597,0.997989684029236,0.04153087410374619,0.06907115438222632,84672,0.7202586350088342
N:nat_profile_y1,val,1,342.42966281439374,0.9946934214516359,0.0412068613503772,0.050487838453765435,72576,0.9076515366957679
N:nat_profile_y1,val,3,425.7210948662226,0.9949483257095916,0.05122987881920672,0.07043554111690134,72576,0.8682568358165821
N:nat_profile_y1,val,6,643.471876642043,0.9918441875338708,0.07743329297388524,0.12279218190699508,72576,0.5802641122198946
N:nat_profile_y1,val,12,437.00704387861697,0.9972098269937143,0.04942259281322536,0.09004363548264063,12096,0.552404659866396
N:nat_profile_y1,test,1,309.0375493861585,0.997950001799881,0.033668098128423425,0.047898477235497096,72576,0.8695450964298023
N:nat_profile_y1,test,3,628.8387527534037,0.9927140439475974,0.06850884262029182,0.10624980035513928,72576,0.4695558727991428
N:nat_profile_y1,test,6,835.1992445331356,0.9878687624093457,0.09099078794010838,0.11314357514109624,72576,0.399224237111091
N:nat_profile_y1,test,12,369.5794260035668,0.9981104663383158,0.04026383332915403,0.0655757408654906,72576,0.7537648757776437
N:nat_profile_y1,all,1,325.7336061002761,0.9964818088859109,0.037250200532141994,0.04919315784463126,145152,0.8937425617759821
N:nat_profile_y1,all,3,527.2799238098132,0.9937334452632804,0.06029860760649174,0.08834267073602031,145152,0.7220683564873231
N:nat_profile_y1,all,6,739.3355605875893,0.98968140941585,0.08454883799724702,0.11796787852404567,145152,0.5141689082192706
N:nat_profile_y1,all,12,379.2119428428597,0.997989684029236,0.04153087410374619,0.06907115438222632,84672,0.7202586350088342
N:nat_profile_y3,val,1,275.49537006686086,0.9961414894590608,0.03315220832130203,0.0464190526253129,72576,0.9255117442618047
N:nat_profile_y3,val,3,366.7775039188917,0.9953866375599507,0.04413680060951748,0.06018028617657152,72576,0.8860352864173839
N:nat_profile_y3,val,6,696.9065821318608,0.9901220494870002,0.08386344999451296,0.12138321989997475,72576,0.5778360586325282
N:nat_profile_y3,val,12,398.36734008448855,0.9973512659383267,0.04505269906942731,0.12975943539703286,12096,0.2796483054804737
N:nat_profile_y3,test,1,282.9510580500835,0.9980564788096454,0.03082610513477662,0.04636160344271541,72576,0.8712473978154306
N:nat_profile_y3,test,3,577.4512678652372,0.9939493286334563,0.06291043269494713,0.10239459179281138,72576,0.5199633903701684
N:nat_profile_y3,test,6,725.4668112327615,0.9910527814350738,0.07903598717377425,0.11066202600443073,72576,0.432800073400907
N:nat_profile_y3,test,12,446.9938091696959,0.9968343097273208,0.0486977438819839,0.08343734809406626,72576,0.49780563516508824
N:nat_profile_y3,all,1,279.2232140584722,0.9971941546278108,0.031931371286588545,0.046390328034014154,145152,0.90565989423002
N:nat_profile_y3,all,3,472.11438589206443,0.994607005678456,0.05398999433658241,0.08128743898469144,145152,0.7518050999976378
N:nat_profile_y3,all,6,711.1866966823111,0.9906448107321514,0.08132979395147917,0.11602262295220274,145152,0.5249534641727185
N:nat_profile_y3,all,12,440.0471707289521,0.9969040390381727,0.04819348122384149,0.0900547891373472,84672,0.4624960448585189
N:nat_profile_g_y3,val,1,293.31367414415723,0.9960441800181455,0.035296404532510484,0.047972564189618885,72576,0.9228411689231573
N:nat_profile_g_y3,val,3,360.86885177896573,0.9962096503468377,0.04342577281041729,0.0624425864300385,72576,0.8884404980154289
N:nat_profile_g_y3,val,6,529.590594883453,0.9929533295738322,0.06372919342462094,0.11186270226443479,72576,0.5938536673952977
N:nat_profile_g_y3,val,12,752.1162286763675,0.9921117658559525,0.08505934775828365,0.17840717824998747,12096,0.014042113076207952
N:nat_profile_g_y3,test,1,285.52428767195494,0.9980267479536097,0.0311064456551704,0.04696649848875034,72576,0.8665538270222768
N:nat_profile_g_y3,test,3,590.4152105149659,0.9937856203942339,0.06432278952384797,0.10518598244183588,72576,0.4702283292790186
N:nat_profile_g_y3,test,6,768.3577021898606,0.9898406341801248,0.0837087356097732,0.11339564717085168,72576,0.45770131487893606
N:nat_profile_g_y3,test,12,758.1799363568035,0.9903850969710659,0.08259991883499576,0.11041922684915736,72576,0.5661838595236388
N:nat_profile_g_y3,all,1,289.4189809080561,0.9971339388893513,0.033097337439952065,0.04746953133918461,145152,0.9022491500766328
N:nat_profile_g_y3,all,3,475.6420311469658,0.9948892421476991,0.05439340832485502,0.0838142844359372,145152,0.7350768967117465
N:nat_profile_g_y3,all,6,648.9741485366568,0.991260828163173,0.07421529962040377,0.11262917471764324,145152,0.5442179955410373
N:nat_profile_g_y3,all,12,757.3136924024554,0.99061790699668,0.08294016106249792,0.12013179133499025,84672,0.4732909714385136
N:nat_profile_g05_y3,val,1,280.25607552697574,0.9961061323454643,0.03372509598591789,0.0470594915448636,72576,0.9244385601892965
N:nat_profile_g05_y3,val,3,352.5268536028413,0.9959702833193923,0.04242192413853696,0.060453002864033364,72576,0.8893238953711151
N:nat_profile_g05_y3,val,6,596.6877856758913,0.9923318582169012,0.07180344906958953,0.11561617666819324,72576,0.597011277326885
N:nat_profile_g05_y3,val,12,523.3609114911924,0.996748718052204,0.05918864143107994,0.1526679691951078,12096,0.20988047294954482
N:nat_profile_g05_y3,test,1,284.2381094171846,0.998042137889054,0.03096632295558821,0.04666408934842709,72576,0.8689582875244581
N:nat_profile_g05_y3,test,3,583.6299830876233,0.9938876755235527,0.06358357287104573,0.10377259056648754,72576,0.4977306086165587
N:nat_profile_g05_y3,test,6,737.94705454639,0.9908079997708172,0.0803956473748872,0.10911584944835286,72576,0.4601647545050839
N:nat_profile_g05_y3,test,12,475.8329171896055,0.9972519488731851,0.05183962072083126,0.09270188371789806,72576,0.6089626705972215
N:nat_profile_g05_y3,all,1,282.2470924720801,0.9971703403381547,0.0322771755732271,0.046861790446645346,145152,0.90414140834708
N:nat_profile_g05_y3,all,3,468.07841834523225,0.9948369296564846,0.05352844969505581,0.08211279671526045,145152,0.745726696203137
N:nat_profile_g05_y3,all,6,667.3174201111407,0.9915091454392865,0.07631299703868831,0.11236601305827304,145152,0.5471183954342624
N:nat_profile_g05_y3,all,12,482.6226306612609,0.9971846218917679,0.05285629867917286,0.10126846735749946,84672,0.5421470529167697
N:avg3,val,1,266.9260057278536,0.9974494322597134,0.03212099915187403,0.04832534560279955,72576,0.9192889125404569
N:avg3,val,3,342.53315595551004,0.9967756446174838,0.041219315375188144,0.06667026009147811,72576,0.8608281222735286
N:avg3,val,6,448.9083348170426,0.9956512084164559,0.054020155146025005,0.10110301029213645,72576,0.7026277710790549
N:avg3,val,12,580.2126492307534,0.9944220706161673,0.06561819519773969,0.11176016303792571,12096,0.43950248336717745
N:avg3,test,1,240.61733419971299,0.9991189451311022,0.026214057273385924,0.040837068606027344,72576,0.9125164275790377
N:avg3,test,3,309.68206085864455,0.9985673425809241,0.03373831443561216,0.051877744661845124,72576,0.8865676634416241
N:avg3,test,6,417.42365878556154,0.9971417601674901,0.04547622362730036,0.05900863434687709,72576,0.8322569713865506
N:avg3,test,12,350.9263668193712,0.9982246466905915,0.03823167565687048,0.06957495124917579,72576,0.7215165840107044
N:avg3,all,1,253.77166996378327,0.9983660273800258,0.02902078698203891,0.04458120710441345,145152,0.9168678899995677
N:avg3,all,3,326.1076084070773,0.9977599998348522,0.03729297063834817,0.05927400237666162,145152,0.8703828672315899
N:avg3,all,6,433.1659968013021,0.9964724342084085,0.0495359396217362,0.08005582231950677,145152,0.7504274819763799
N:avg3,all,12,383.6815500209972,0.9977141072703892,0.042020380556567344,0.07560141007614005,84672,0.674309956186572
N:oracle,val,1,3.5348045037756893e-12,1.0,4.2536676843537485e-16,3.3421655236097245e-16,72576,1.0
N:oracle,val,3,3.5348045037756893e-12,1.0,4.2536676843537485e-16,3.3421655236097245e-16,72576,1.0
N:oracle,val,6,3.5348045037756893e-12,1.0,4.2536676843537485e-16,3.3421655236097245e-16,72576,1.0
N:oracle,val,12,3.795354389381303e-12,1.0,4.2922936185070027e-16,3.3840195771705806e-16,12096,1.0
N:oracle,test,1,3.93142612331274e-12,1.0,4.283092483979847e-16,3.425095711929041e-16,72576,1.0
N:oracle,test,3,3.93142612331274e-12,1.0,4.283092483979847e-16,3.425095711929041e-16,72576,1.0
N:oracle,test,6,3.93142612331274e-12,1.0,4.283092483979847e-16,3.425095711929041e-16,72576,1.0
N:oracle,test,12,3.93142612331274e-12,1.0,4.283092483979847e-16,3.425095711929041e-16,72576,1.0
N:oracle,all,1,3.733115313544215e-12,1.0,4.2691110599230943e-16,3.3836306177693826e-16,145152,1.0
N:oracle,all,3,3.733115313544215e-12,1.0,4.2691110599230943e-16,3.3836306177693826e-16,145152,1.0
N:oracle,all,6,3.733115313544215e-12,1.0,4.2691110599230943e-16,3.3836306177693826e-16,145152,1.0
N:oracle,all,12,3.911987304179678e-12,1.0,4.284365387001123e-16,3.419227692677833e-16,84672,1.0
raw:naive,val,1,726.1505318562611,0.978496065227465,0.08738257088995927,0.09783998902915386,72576,0.6542385275645568
raw:naive,val,3,667.6303736772487,0.9865895991801193,0.08034044718938556,0.11078143090433253,72576,0.5874878463512676
raw:naive,val,6,868.3712246472663,0.9810019319495075,0.104496942118278,0.15267168205785242,72576,0.24980323153724138
raw:naive,val,12,1455.7373511904761,0.9594994553019043,0.16463422125267607,0.22046564642903663,12096,-1.0343807967758738
raw:naive,test,1,624.3717895723104,0.9876196004086226,0.06802218928312993,0.08177976962668299,72576,0.6192085885226367
raw:naive,test,3,863.8406773589065,0.9789048008924622,0.09411112905345237,0.13296427769329425,72576,0.001081202747661214
raw:naive,test,6,1124.2154155643739,0.9690758997630154,0.12247765685396331,0.16983894347931075,72576,-0.6347680445960995
raw:naive,test,12,1288.618716931217,0.9690663868813618,0.1403885757505508,0.18859746212011747,72576,-0.8975690769548834
raw:naive,all,1,675.2611607142857,0.9835155956864217,0.07722142627319406,0.08980987932791842,145152,0.6416592242945717
raw:naive,all,3,765.7355255180776,0.9824055061930297,0.08756788168597059,0.12187285429881338,145152,0.372648188734651
raw:naive,all,6,996.2933201058202,0.974506116941418,0.11393397938605844,0.1612553127685816,145152,-0.07417252081228987
raw:naive,all,12,1312.4928075396826,0.9677844181755553,0.1437427659671328,0.1931500598785345,84672,-0.9130458707746094
raw:snaive,val,1,1243.5201168430335,0.9641173800102002,0.14964112810790595,0.2124817599152664,72576,-0.45111032572772936
raw:snaive,val,3,1243.5201168430335,0.9641173800102002,0.14964112810790595,0.2124817599152664,72576,-0.45111032572772936
raw:snaive,val,6,1243.5201168430335,0.9641173800102002,0.14964112810790595,0.2124817599152664,72576,-0.45111032572772936
raw:snaive,val,12,1455.7373511904761,0.9594994553019043,0.16463422125267607,0.22046564642903663,12096,-1.0343807967758738
raw:snaive,test,1,1288.618716931217,0.9690663868813618,0.1403885757505508,0.18859746212011747,72576,-0.8975690769548834
raw:snaive,test,3,1288.618716931217,0.9690663868813618,0.1403885757505508,0.18859746212011747,72576,-0.8975690769548834
raw:snaive,test,6,1288.618716931217,0.9690663868813618,0.1403885757505508,0.18859746212011747,72576,-0.8975690769548834
raw:snaive,test,12,1288.618716931217,0.9690663868813618,0.1403885757505508,0.18859746212011747,72576,-0.8975690769548834
raw:snaive,all,1,1266.0694168871253,0.9668739068172788,0.14478499848781037,0.2005396110176919,145152,-0.6137766762007784
raw:snaive,all,3,1266.0694168871253,0.9668739068172788,0.14478499848781037,0.2005396110176919,145152,-0.6137766762007784
raw:snaive,all,6,1266.0694168871253,0.9668739068172788,0.14478499848781037,0.2005396110176919,145152,-0.6137766762007784
raw:snaive,all,12,1312.4928075396826,0.9677844181755553,0.1437427659671328,0.1931500598785345,84672,-0.9130458707746094
raw:snaive_growth,val,1,418.27594818461836,0.9940867943832669,0.05033395431161413,0.08998673099790203,72576,0.614012539446612
raw:snaive_growth,val,3,669.0758134084624,0.9853157060476182,0.08051438666093985,0.14737790700422546,72576,0.06419381880520081
raw:snaive_growth,val,6,1287.1593945508514,0.9160845796536934,0.1548925355098148,0.240687424472379,72576,-1.3313659475492807
raw:snaive_growth,val,12,1805.9578648623774,0.6783293030552958,0.20424183418363076,0.3939766643560202,12096,-9.039176455722531
raw:snaive_growth,test,1,341.1084649780396,0.9975963773467488,0.037162064267362134,0.07022284308174673,72576,0.6180876481905093
raw:snaive_growth,test,3,454.2335893819838,0.9956798960506856,0.0494864817913405,0.08735915208032705,72576,0.4170079965945924
raw:snaive_growth,test,6,655.4717127962153,0.9910805959232534,0.07141037065127977,0.1251863049190186,72576,-0.24041203820639878
raw:snaive_growth,test,12,1951.319462970024,-1.1047925609632316,0.21258651348249327,0.2854223403020803,72576,-4.959220308417772
raw:snaive_growth,all,1,379.692206581329,0.996014391587133,0.04342079101071298,0.08010478703982438,145152,0.6158136893619272
raw:snaive_growth,all,3,561.6547013952231,0.9910042484149336,0.06422963386329777,0.11736852954227625,145152,0.1943913767436699
raw:snaive_growth,all,6,971.3155536735334,0.9572161768633388,0.11107757528459997,0.1829368646956988,145152,-0.9292213471068338
raw:snaive_growth,all,12,1930.5535203832176,-0.8651103972654093,0.21143209415955527,0.3009301008812146,84672,-5.6340369164165915
d:last,val,1,336.70725333820405,0.9965905869554271,0.04051824538195496,0.07412802109010709,72576,0.7823041560029063
d:last,val,3,445.8205721144203,0.9944898226114979,0.053648583920202816,0.09727392278696663,72576,0.6289448461483245
d:last,val,6,545.7345263778608,0.9917770091102097,0.06567190113654199,0.12976476770704096,72576,0.3628851462100412
d:last,val,12,688.5127932499107,0.9912801833255179,0.07786622184730367,0.15181198352651212,12096,-0.1564710697201146
d:last,test,1,341.4649562905586,0.997545396464897,0.03720090221606986,0.06489585685718974,72576,0.727103095692661
d:last,test,3,462.8615162045111,0.9945662427006751,0.050426451343528245,0.08429104690624448,72576,0.5059000808943366
d:last,test,6,544.8496732384526,0.9928331665892355,0.05935865172458319,0.09727850131087863,72576,0.3164883299586341
d:last,test,12,519.5798538613255,0.9952904207412407,0.0566056310636099,0.11188754436334641,72576,0.13015974763104698
d:last,all,1,339.0861048143813,0.9971175114997817,0.03877716380946644,0.06951193897364842,145152,0.7622220954648548
d:last,all,3,454.3410441594657,0.9945392866674938,0.05195747287957997,0.09078248484660555,145152,0.5840908506754465
d:last,all,6,545.2920998081568,0.9923660608858581,0.06235844164078534,0.11352163450895982,145152,0.34636596257902164
d:last,all,12,543.7131309168377,0.9947522685686219,0.05954686294787416,0.11759103567237006,84672,0.08465216045635648
d:mean3,val,1,336.30639828408016,0.9965273500837374,0.04047000780083795,0.0730551468035191,72576,0.7882657793641389
d:mean3,val,3,440.00875218365667,0.9943242622894608,0.052949208591231554,0.094712724391312,72576,0.6433432899438386
d:mean3,val,6,532.4046170890267,0.9924897035564197,0.06406782361777921,0.1265541501509444,72576,0.40798010215810454
d:mean3,val,12,702.0357315728018,0.9908173835522495,0.07939557631362719,0.15332660171259024,12096,-0.1976828607189387
d:mean3,test,1,364.0983375607561,0.9969841054734765,0.03966669610777213,0.06783774438197769,72576,0.704738992939287
d:mean3,test,3,460.0508542330053,0.994860467498413,0.05012024375402836,0.0827688630901699,72576,0.5396717709939429
d:mean3,test,6,537.3971318916783,0.9933588231283977,0.05854673455183923,0.09468957923209474,72576,0.36779338388945715
d:mean3,test,12,527.5923805542826,0.9949363278189418,0.05747855584408052,0.11131238697701185,72576,0.1426662317641253
d:mean3,all,1,350.20236792241815,0.9967819804372234,0.04004839595189067,0.0704464455927484,145152,0.7577856102126977
d:mean3,all,3,450.029803208331,0.9946254099929734,0.05146444855858709,0.08874079374074094,145152,0.6055863894994638
d:mean3,all,6,534.9008744903525,0.9929754735360812,0.061170123273832075,0.11062186469151958,145152,0.3937038136962778
d:mean3,all,12,552.512859271214,0.994383609175589,0.060510599500296525,0.11731441765352305,84672,0.08789055440969551
d:ses05,val,1,328.1461915542659,0.9966920897649997,0.039488035314744846,0.07111924064774999,72576,0.800495857770161
d:ses05,val,3,430.1568922800897,0.9947368393876358,0.05176366811628249,0.09322148318129524,72576,0.6586320435646718
d:ses05,val,6,522.7739281718848,0.992889253516465,0.06290889813318302,0.12556522485662697,72576,0.41633095347823024
d:ses05,val,12,718.9835634873294,0.9902730374198814,0.08131226348723564,0.15483904438882518,12096,-0.17555928935780063
d:ses05,test,1,346.079610121545,0.9974242934204786,0.037703645712188566,0.06477303726389998,72576,0.7356731795138578
d:ses05,test,3,450.5233268275295,0.9951311341700242,0.049082267209605346,0.0810139833647716,72576,0.5611741718856398
d:ses05,test,6,531.1399686713767,0.9935321645657074,0.057865047858021205,0.09331349827342712,72576,0.39057236056484257
d:ses05,test,12,519.1463625838461,0.9951975880276062,0.05655840435314386,0.11015664782745331,72576,0.1629044350698603
d:ses05,all,1,337.1129008379054,0.9970971314697845,0.038551512410783556,0.06794613895582499,145152,0.776868979348593
d:ses05,all,3,440.3401095538096,0.9949598029692468,0.05035635585655612,0.08711773327303342,145152,0.6231429620486589
d:ses05,all,6,526.9569484216307,0.9932507554855116,0.060261672829878495,0.10943936156502704,145152,0.40734207002983847
d:ses05,all,12,547.6945341414865,0.9945366472579404,0.05998290184169048,0.1165398473362207,84672,0.10836694217043208
d:level_season03,val,1,329.4710943334511,0.9968969782546541,0.039647469765241646,0.07211179047151724,72576,0.7865736107487831
d:level_season03,val,3,409.4502148791923,0.9953037199365071,0.0492718945424836,0.09195211584091097,72576,0.6510754230943183
d:level_season03,val,6,516.0409560064901,0.9933170489786532,0.062098674368643816,0.12457369028476437,72576,0.41707885431548064
d:level_season03,val,12,665.231574461023,0.9920159507209083,0.07523327070265712,0.14919859755240392,12096,-0.17538368316088793
d:level_season03,test,1,348.35948610950913,0.9973687776867125,0.037952026818743025,0.06653861629052796,72576,0.7122898600626117
d:level_season03,test,3,442.3965340512109,0.9955097697854728,0.04819689370982859,0.08027761502929423,72576,0.5730270692189151
d:level_season03,test,6,527.2808814292063,0.9940576433144385,0.05744461956957012,0.09283868162892711,72576,0.40740783805106184
d:level_season03,test,12,520.9121050463558,0.9951213353552021,0.056750773178923714,0.11129699698510809,72576,0.13675468877085883
d:level_season03,all,1,338.9152902214801,0.9971593215448484,0.03875762981690251,0.0693252033810226,145152,0.7594862727518124
d:level_season03,all,3,425.9233744652016,0.9954229445887324,0.048707688777040556,0.0861148654351026,145152,0.6227141448916367
d:level_season03,all,6,521.6609187178482,0.9937313777214286,0.05965603016729934,0.10870618595684574,145152,0.41399229345599753
d:level_season03,all,12,541.529172105594,0.994704725948617,0.059307678185502054,0.11671151135186462,84672,0.0868434821333044
d:level_season05,val,1,346.29502453691765,0.9967342511196916,0.0416720062892239,0.07572369563986109,72576,0.7639736429302197
d:level_season05,val,3,399.5311298755965,0.9956271336567143,0.04807826441971202,0.09223852999076255,72576,0.6399087884793211
d:level_season05,val,6,512.6987220731646,0.9936293917111825,0.06169648091040443,0.12435865001699482,72576,0.41054931165862496
d:level_season05,val,12,644.9353845880494,0.992548023487669,0.07293790649330927,0.14754469241668614,12096,-0.1809540992710703
d:level_season05,test,1,349.65107482502737,0.9973750507522805,0.03809273896101185,0.0678895414881862,72576,0.6902129277492967
d:level_season05,test,3,438.77329494609654,0.9957347367139296,0.047802159898432416,0.08014378812019551,72576,0.5736681732993549
d:level_season05,test,6,525.879425051778,0.9943473713149816,0.05729193789405307,0.09274118932452279,72576,0.4160589610560069
d:level_season05,test,12,531.9790910450374,0.9948696478793603,0.05795646605129345,0.11343365074365444,72576,0.10333636117922718
d:level_season05,all,1,347.9730496809725,0.9970892459301922,0.039793455872056696,0.07180661856402364,145152,0.7370961296198355
d:level_season05,all,3,419.1522124108465,0.9956920682568001,0.04793335312472623,0.08619115905547904,145152,0.615888900595007
d:level_season05,all,6,519.2890735624712,0.9940309178219074,0.05938479101354196,0.1085499196707588,145152,0.4130380735118798
d:level_season05,all,12,548.1157044083249,0.9945583256412287,0.06002902794520181,0.1183066566969447,84672,0.058343255157778384
