w,split,h,MAE,R2,WAPE,sMAPE,n,R2_yoy
0.0,val,1,309.50974787795997,0.9971937317407336,0.03724538687032576,0.06957913469778747,72576,0.8049160020233841
0.0,val,3,401.96711912277766,0.9956304520616124,0.048371403367823564,0.09024491726404753,72576,0.6686839847271981
0.0,val,6,514.5395816307857,0.9932649534373587,0.061918003905617386,0.12451330834316653,72576,0.4183970478808444
0.0,val,12,666.9039454302529,0.9919728461687826,0.07542240474661058,0.1492832847553733,12096,-0.1673058167892707
0.0,test,1,324.6020409703294,0.998006182677434,0.03536377178043032,0.0618023806119547,72576,0.7596919015433168
0.0,test,3,425.944411406572,0.9961609527439858,0.04640451708530255,0.07757976476333457,72576,0.6052123017370609
0.0,test,6,525.3592598482962,0.9940461454189793,0.057235268492070696,0.09244923467391103,72576,0.4106450687999361
0.0,test,12,517.6262972325001,0.9952218065478814,0.05639280082207655,0.11088080262763836,72576,0.1434057623095233
0.25,val,1,309.48561099100925,0.9971950721854373,0.03724248231659688,0.06955617936306294,72576,0.8051978172449961
0.25,val,3,402.53912899318203,0.9956243325019503,0.048440237157592464,0.09035254713201721,72576,0.6691170081195537
0.25,val,6,514.9179999899733,0.9932479686019557,0.061963541528530425,0.12458488926756588,72576,0.4183262186005675
0.25,val,12,670.3928971672169,0.9919034629539245,0.07581698200447477,0.14974862595940813,12096,-0.1675520236417518
0.25,test,1,324.5197134203915,0.9980038658763548,0.0353548026048868,0.06173615142610895,72576,0.7600354336889884
0.25,test,3,425.7902801065322,0.9961538517039749,0.04638772524966733,0.0775354919854387,72576,0.6049539997069633
0.25,test,6,525.2865572592801,0.9940415046279943,0.05722734790796677,0.09244463294792415,72576,0.41044601075903453
0.25,test,12,517.3839833197196,0.9952280035038877,0.056366401931037,0.11082239409103746,72576,0.14394023635906683
0.5,val,1,309.65017057647856,0.9971927886587791,0.037262284876826555,0.06959850106393232,72576,0.8049392682887815
0.5,val,3,403.27268693283474,0.9956122142981372,0.04852851111161648,0.09051210912020226,72576,0.6687294947931215
0.5,val,6,515.5156725598714,0.9932225350812065,0.062035463483300045,0.1247046425641824,72576,0.41750537593132087
0.5,val,12,673.9030097654421,0.9918262396101114,0.07621395241513672,0.1502571617115176,12096,-0.16885061296834758
0.5,test,1,324.6095068555874,0.9979973529432365,0.03536458515135557,0.061738511564473096,72576,0.7597482989251638
0.5,test,3,425.96606931334367,0.9961375054637464,0.04640687660611772,0.07758461514239118,72576,0.6033232848307895
0.5,test,6,525.4719522947419,0.9940298894843773,0.05724754577149127,0.09252121248048412,72576,0.4087240525631477
0.5,test,12,517.2698127038568,0.9952312149931184,0.05635396361243822,0.11079548294201401,72576,0.14401028488678413
0.75,val,1,309.9944096905675,0.9971869313389702,0.037303709481602484,0.06969786931786683,72576,0.8041403551547406
0.75,val,3,404.17078661020867,0.9955940453289505,0.04863658547813077,0.09073147333688632,72576,0.6675214447479016
0.75,val,6,516.2895508069794,0.9931882849250498,0.06212858945074269,0.12486140267735127,72576,0.4159345198731048
0.75,val,12,677.4216943201445,0.9917411731929987,0.07661189225711681,0.15081802670775524,12096,-0.17120158476905778
0.75,test,1,324.92950779732564,0.9979866209950998,0.035399447656345756,0.061806225722362516,72576,0.7588304972518429
0.75,test,3,426.4837006745669,0.9961116972997305,0.046463269958636304,0.07773801891106266,72576,0.6003201571085393
0.75,test,6,525.8822921922889,0.9940112800633044,0.05729225025469747,0.09266934142485724,72576,0.40547919421227585
0.75,test,12,517.3503828987506,0.9952314590477744,0.05636274133292332,0.11080145514893754,72576,0.14361590789267542
1.0,val,1,310.5478283828736,0.997177532921504,0.03737030607003801,0.06985932165482643,72576,0.8028010778428731
1.0,val,3,405.24236047333494,0.9955697373657093,0.04876553515860417,0.09100185058794455,72576,0.6654928579838942
1.0,val,6,517.2188079589158,0.9931447747088804,0.06224041320544893,0.12504889908454028,72576,0.41361365042591947
1.0,val,12,681.1066478543096,0.9916482473265205,0.07702863601584048,0.1514548636285301,12096,-0.17460493904388197
1.0,test,1,325.4540846241686,0.9979716328781616,0.035456597682668206,0.06192943318136074,72576,0.7572820286690259
1.0,test,3,427.3285984305247,0.9960761404081286,0.04655531735097609,0.07799111360915521,72576,0.5959446165402127
1.0,test,6,526.5974041101972,0.993985626009757,0.0573701581279406,0.09288862319080492,72576,0.4007114357064191
1.0,test,12,517.586759258438,0.9952287473096565,0.05638849335719675,0.11084919281468053,72576,0.1427571053767408
