постановка,ложных тревог на 100 ряд-мес,детектор,сценариев,полнота,в месяц шока,точность,F1,"задержка, мес"
"Вся наша сетка (3–20 %, 3 формы, 3 охвата)",3,BOCPD + новости,108,0.272,0.183,0.184,0.179,0.54
"Вся наша сетка (3–20 %, 3 формы, 3 охвата)",3,BOCPD,108,0.256,0.169,0.176,0.17,0.59
"Вся наша сетка (3–20 %, 3 формы, 3 охвата)",3,Stouffer-МО,108,0.216,0.06,0.125,0.135,0.89
"Вся наша сетка (3–20 %, 3 формы, 3 охвата)",3,z-score (инновация),108,0.226,0.161,0.157,0.147,0.56
Шоки 5–20 %,3,BOCPD + новости,81,0.334,0.229,0.218,0.218,0.5
Шоки 5–20 %,3,BOCPD,81,0.316,0.212,0.21,0.208,0.54
Шоки 5–20 %,3,Stouffer-МО,81,0.268,0.068,0.144,0.164,0.97
Шоки 5–20 %,3,z-score (инновация),81,0.272,0.2,0.185,0.178,0.5
Шоки 10–20 %,3,BOCPD + новости,54,0.434,0.305,0.266,0.279,0.45
Шоки 10–20 %,3,BOCPD,54,0.412,0.284,0.259,0.267,0.48
Шоки 10–20 %,3,Stouffer-МО,54,0.359,0.087,0.174,0.212,1.01
Шоки 10–20 %,3,z-score (инновация),54,0.352,0.267,0.229,0.229,0.44
Ступеньки 5–20 %,3,BOCPD + новости,27,0.385,0.31,0.245,0.246,0.27
Ступеньки 5–20 %,3,BOCPD,27,0.359,0.289,0.234,0.232,0.29
Ступеньки 5–20 %,3,Stouffer-МО,27,0.344,0.093,0.143,0.189,0.98
Ступеньки 5–20 %,3,z-score (инновация),27,0.296,0.268,0.2,0.192,0.2
"Шоки 5–20 %, охват МО (все категории)",3,BOCPD + новости,27,0.345,0.239,0.146,0.205,0.5
"Шоки 5–20 %, охват МО (все категории)",3,BOCPD,27,0.325,0.22,0.138,0.194,0.54
"Шоки 5–20 %, охват МО (все категории)",3,Stouffer-МО,27,0.364,0.084,0.117,0.173,1.13
"Шоки 5–20 %, охват МО (все категории)",3,z-score (инновация),27,0.283,0.208,0.116,0.165,0.5
Шоки 5–20 %,5,BOCPD + новости,81,0.432,0.295,0.199,0.227,0.48
Шоки 5–20 %,5,BOCPD,81,0.405,0.267,0.19,0.215,0.54
Шоки 5–20 %,5,Stouffer-МО,81,0.339,0.109,0.137,0.174,0.91
Шоки 5–20 %,5,z-score (инновация),81,0.361,0.262,0.169,0.188,0.49
