детектор,"паводок: МО из новостей, %","паводок: страна, %",lift паводка,"режимы ЧС (акты, вне паводка), %","плацебо (случайный месяц), %",lift актов,p паводок (Фишер),p акты (Уилкоксон),"p паводок, Холм","p акты, Холм"
BOCPD + новости,9.649122807017543,4.086746155175393,2.361077111383109,3.4667471297323877,3.805957982717862,0.910873726266615,0.007556133498057538,0.9042683058750193,0.12089813596892061,1.0
z-score (инновация),12.280701754385964,5.270433730775877,2.3301121656600516,4.455564910404558,4.808261660486283,0.9266477627496554,0.002949953058719928,0.8209555891563147,0.05309915505695871,1.0
Выход за интервал Chronos-2,11.403508771929824,4.985311905996198,2.2874213262793033,4.655719386954125,4.679250759001871,0.9949711239555872,0.0048474112731312705,0.9418790852662903,0.08240599164323159,1.0
BOCPD,7.894736842105263,4.147226542249871,1.9036184210526315,3.254857545368396,3.725702778309603,0.8736224382464467,0.04935332322122348,0.8843047106810098,0.7402998483183523,1.0
EWMA,7.894736842105263,5.045792293070676,1.5646178803172313,3.800007598418452,4.059198310381658,0.9361473147788052,0.12465058871600533,0.8725743693771297,1.0,1.0
CUSUM оконный,2.631578947368421,2.687057197166062,0.9793535285158232,3.850168879188434,3.400248916049695,1.1323197137171481,0.594997997600011,0.30518876525428507,1.0,1.0
GLR (онлайн-разрыв),0.8771929824561403,2.7561776395368933,0.31826431281966666,3.226406995496859,3.222525040811296,1.0012046313485232,0.958426292134889,0.7311389398147575,1.0,1.0
Stouffer-МО,0.0,2.280974598237429,0.0,4.256568999565722,3.770091055424032,1.1290361259157904,1.0,0.22299309099393289,1.0,1.0
Пространственный,0.0,1.99585277345775,0.0,3.233131968661808,2.3092025584689524,1.4001075638879592,1.0,0.14743003882322575,1.0,1.0
