prophet,split,h,MAE_a,MAE_b,diff,rel,n_months,ci_low,ci_high,ci_mo_low,ci_mo_high,share_mo_better,share_months_better,dm_stat,dm_p,sign_p
Prophet на d (локальная компонента),test,1,329.71931066839636,463.71876771929186,-133.99945705089553,-0.28896707741622163,6,-175.89133473635752,-93.31093560583471,-159.53193278477625,-111.28968339331666,0.87,1.0,-7.441536818142406,0.0006909260809629615,0.03125
Prophet на d (локальная компонента),all,1,322.3366553697109,458.40340885248185,-136.06675348277088,-0.2968275341219341,12,-168.25142399637926,-105.06985581524866,-160.67783738585558,-114.3902982144141,0.915,1.0,-11.68229521844,1.5319797748587572e-07,0.00048828125
Prophet на d (локальная компонента),test,3,429.2657238418828,597.8898297343853,-168.62410589250257,-0.2820320692984766,6,-211.07430070400187,-127.67390401996128,-203.4987442448101,-137.59622803137833,0.79,1.0,-12.361492877267983,6.137198983880362e-05,0.03125
Prophet на d (локальная компонента),all,3,423.5146617152903,593.2768774059953,-169.76221569070503,-0.28614332052339897,12,-223.89376293073653,-116.73919392941919,-199.90052034361162,-142.94517005240283,0.93,0.9166666666666666,-5.073121792400937,0.0003588254360906027,0.00634765625
Prophet на d (локальная компонента),test,6,542.9421319870792,741.6664821720572,-198.72435018497814,-0.267943010722273,6,-267.42870238479514,-129.03679455879205,-237.665814580983,-160.36411438312024,0.77,1.0,-1.7256906666736824,0.14499457347738776,0.03125
Prophet на d (локальная компонента),all,6,534.2062726080436,804.2048591505899,-269.9985865425465,-0.33573359259196944,12,-350.70711635547565,-199.5480688153606,-320.0982958985582,-227.62070201911945,0.94,1.0,-3.592403349049736,0.00422579008209789,0.00048828125
Prophet на d (локальная компонента),test,12,538.8688614113091,1290.799293580994,-751.9304321696847,-0.5825308674314853,6,-905.2798016327108,-634.3829543328784,-885.0376776143379,-642.8251610849447,0.965,1.0,-7.392406908384401,0.000712500775733183,0.03125
Prophet на d (локальная компонента),all,12,559.0109978535024,1319.41606062776,-760.4050627742578,-0.576319392695938,7,-906.5090726575495,-641.0706933193666,-894.3072254556855,-647.4369856708176,0.965,1.0,-7.557002076105806,0.00027872220250958844,0.015625
Prophet (по умолчанию),test,1,327.37995568483353,640.1982175853519,-312.81826190051845,-0.4886271990577873,6,-605.3861910335403,-98.23906292165518,-327.5941344639158,-298.6172482194653,0.994,1.0,-2.1840003098690337,0.08070479909778396,0.03125
Prophet (по умолчанию),all,1,320.1797952721857,594.5662603058609,-274.3864650336752,-0.4614901371842448,12,-456.9917360494361,-126.74910722034363,-287.86765289859545,-261.70565813370985,1.0,0.9166666666666666,-3.1294470556543463,0.009587103202282623,0.00634765625
Prophet (по умолчанию),test,3,425.59492103472996,730.6093170537803,-305.0143960190503,-0.41747947760786375,6,-541.403309888121,-135.73492887975408,-320.0657493008341,-290.72127091491006,0.994,1.0,-1.4734171950181392,0.20063390669256193,0.03125
Prophet (по умолчанию),all,3,416.16714491993434,646.6365618286849,-230.46941690875042,-0.35641259791587443,12,-383.4304447481316,-103.78508177032138,-242.6677506746834,-219.18036395217104,0.998,0.9166666666666666,-2.253228799300036,0.04563083014653512,0.00634765625
Prophet (по умолчанию),test,6,525.140466183898,753.8483269138725,-228.70786072997453,-0.3033871039632944,6,-368.57433892875105,-132.41535317117467,-245.63395472586495,-213.15104712843984,0.912,1.0,-1.1803108483160714,0.29096428059243196,0.03125
Prophet (по умолчанию),all,6,519.9585434020179,855.9462556946386,-335.9877122926207,-0.39253365507154614,12,-473.29349941569205,-219.40727028488436,-356.32689171671893,-316.66475006823333,1.0,1.0,-2.4065789120047403,0.03482472011629653,0.00048828125
Prophet (по умолчанию),test,12,520.2888677443649,1071.074132019171,-550.7852642748061,-0.5142363612465133,6,-679.7169830169523,-425.47301506611126,-596.8486130486926,-508.5646671398279,0.98,1.0,-2.319760060544754,0.06807393342193545,0.03125
Prophet (по умолчанию),all,12,542.1365537392069,1108.2949693984235,-566.1584156592165,-0.5108373053127944,7,-685.3580102720465,-457.38065590292996,-615.9751811874196,-520.525575494298,0.978,1.0,-2.4638937857581253,0.04886067104969846,0.015625
Prophet (по умолчанию) — вся панель,test,1,327.37995568483353,640.1982175853519,-312.81826190051845,-0.4886271990577873,6,-605.3861910335403,-98.23906292165518,-327.5941344639158,-298.6172482194653,0.994,1.0,-2.1840003098690337,0.08070479909778396,0.03125
Prophet (по умолчанию) — вся панель,all,1,320.1797952721857,594.5662603058609,-274.3864650336752,-0.4614901371842448,12,-456.9917360494361,-126.74910722034363,-287.86765289859545,-261.70565813370985,1.0,0.9166666666666666,-3.1294470556543463,0.009587103202282623,0.00634765625
Prophet (по умолчанию) — вся панель,test,3,425.59492103472996,730.6093170537803,-305.0143960190503,-0.41747947760786375,6,-541.403309888121,-135.73492887975408,-320.0657493008341,-290.72127091491006,0.994,1.0,-1.4734171950181392,0.20063390669256193,0.03125
Prophet (по умолчанию) — вся панель,all,3,416.16714491993434,646.6365618286849,-230.46941690875042,-0.35641259791587443,12,-383.4304447481316,-103.78508177032138,-242.6677506746834,-219.18036395217104,0.998,0.9166666666666666,-2.253228799300036,0.04563083014653512,0.00634765625
Prophet (по умолчанию) — вся панель,test,6,525.140466183898,753.8483269138725,-228.70786072997453,-0.3033871039632944,6,-368.57433892875105,-132.41535317117467,-245.63395472586495,-213.15104712843984,0.912,1.0,-1.1803108483160714,0.29096428059243196,0.03125
Prophet (по умолчанию) — вся панель,all,6,519.9585434020179,855.9462556946386,-335.9877122926207,-0.39253365507154614,12,-473.29349941569205,-219.40727028488436,-356.32689171671893,-316.66475006823333,1.0,1.0,-2.4065789120047403,0.03482472011629653,0.00048828125
Prophet (по умолчанию) — вся панель,test,12,520.2888677443649,1071.074132019171,-550.7852642748061,-0.5142363612465133,6,-679.7169830169523,-425.47301506611126,-596.8486130486926,-508.5646671398279,0.98,1.0,-2.319760060544754,0.06807393342193545,0.03125
Prophet (по умолчанию) — вся панель,all,12,542.1365537392069,1108.2949693984235,-566.1584156592165,-0.5108373053127944,7,-685.3580102720465,-457.38065590292996,-615.9751811874196,-520.525575494298,0.978,1.0,-2.4638937857581253,0.04886067104969846,0.015625
"Prophet (log, годовая сезонность, праздники)",test,1,329.71931066839636,589.5544824227875,-259.8351717543911,-0.44073139888037594,6,-482.4754516899193,-44.35322447053282,-277.2522284758055,-241.2549391613992,0.995,0.8333333333333334,-2.075896522107422,0.09254328786760921,0.21875
"Prophet (log, годовая сезонность, праздники)",all,1,322.3366553697109,1319.1074473245717,-996.7707919548606,-0.7556403339064777,12,-2556.9090732920927,-135.6057114760361,-1045.2323522765057,-950.8036991385978,1.0,0.9166666666666666,-1.3029218851808668,0.2192162066198028,0.00634765625
"Prophet (log, годовая сезонность, праздники)",test,3,429.2657238418828,710.90504498819,-281.63932114630717,-0.3961700977251975,6,-426.52151125092865,-149.30856022894642,-308.71135390730007,-255.23407031631115,0.97,1.0,-6.267856488877828,0.0015170683250017032,0.03125
"Prophet (log, годовая сезонность, праздники)",all,3,423.5146617152903,1639.458308854526,-1215.943647139236,-0.7416740276785715,12,-2599.541791108925,-285.237630897895,-1302.1886225840253,-1127.5601344164195,1.0,0.9166666666666666,-1.391275573375127,0.19163912544662892,0.00634765625
"Prophet (log, годовая сезонность, праздники)",test,6,542.9421319870792,1185.0747021942566,-642.1325702071774,-0.5418498673697276,6,-1024.1373868928729,-285.03802401350504,-700.5001720165809,-586.207569652911,0.98,1.0,-3.2192201639999634,0.023486042706665596,0.03125
"Prophet (log, годовая сезонность, праздники)",all,6,534.2062726080436,1709.0475991644446,-1174.841326556401,-0.6874245791227713,12,-1897.4237635103436,-595.8126892601551,-1257.0197328484473,-1090.921545915704,1.0,1.0,-2.5475098663360076,0.027115041334426944,0.00048828125
"Prophet (log, годовая сезонность, праздники)",test,12,538.8688614113091,2203.338331861681,-1664.4694704503718,-0.7554307236347133,6,-2278.5177487882374,-1105.1973947692693,-1793.9830453328775,-1542.5481368262176,0.985,1.0,-1.5458083801501696,0.1828152743855789,0.03125
"Prophet (log, годовая сезонность, праздники)",all,12,559.0109978535024,2112.8073642653103,-1553.796366411808,-0.7354179054331874,7,-2143.97089933296,-1039.5624310416244,-1667.2649370717336,-1440.897303590066,0.985,1.0,-1.3224405675099806,0.23419345362052602,0.015625
Prophet: лучшая конфигурация по test (в пользу Prophet),test,1,329.71931066839636,463.71876771929186,-133.99945705089553,-0.28896707741622163,6,-175.89133473635752,-93.31093560583471,-159.53193278477625,-111.28968339331666,0.87,1.0,-7.441536818142406,0.0006909260809629615,0.03125
Prophet: лучшая конфигурация по test (в пользу Prophet),all,1,322.3366553697109,458.40340885248185,-136.06675348277088,-0.2968275341219341,12,-168.25142399637926,-105.06985581524866,-160.67783738585558,-114.3902982144141,0.915,1.0,-11.68229521844,1.5319797748587572e-07,0.00048828125
Prophet: лучшая конфигурация по test (в пользу Prophet),test,3,429.2657238418828,597.8898297343853,-168.62410589250257,-0.2820320692984766,6,-211.07430070400187,-127.67390401996128,-203.4987442448101,-137.59622803137833,0.79,1.0,-12.361492877267983,6.137198983880362e-05,0.03125
Prophet: лучшая конфигурация по test (в пользу Prophet),all,3,423.5146617152903,593.2768774059953,-169.76221569070503,-0.28614332052339897,12,-223.89376293073653,-116.73919392941919,-199.90052034361162,-142.94517005240283,0.93,0.9166666666666666,-5.073121792400937,0.0003588254360906027,0.00634765625
Prophet: лучшая конфигурация по test (в пользу Prophet),test,6,542.9421319870792,741.6664821720572,-198.72435018497814,-0.267943010722273,6,-267.42870238479514,-129.03679455879205,-237.665814580983,-160.36411438312024,0.77,1.0,-1.7256906666736824,0.14499457347738776,0.03125
Prophet: лучшая конфигурация по test (в пользу Prophet),all,6,534.2062726080436,804.2048591505899,-269.9985865425465,-0.33573359259196944,12,-350.70711635547565,-199.5480688153606,-320.0982958985582,-227.62070201911945,0.94,1.0,-3.592403349049736,0.00422579008209789,0.00048828125
Prophet: лучшая конфигурация по test (в пользу Prophet),test,12,520.2888677443649,1071.074132019171,-550.7852642748061,-0.5142363612465133,6,-679.7169830169523,-425.47301506611126,-596.8486130486926,-508.5646671398279,0.98,1.0,-2.319760060544754,0.06807393342193545,0.03125
Prophet: лучшая конфигурация по test (в пользу Prophet),all,12,542.1365537392069,1108.2949693984235,-566.1584156592165,-0.5108373053127944,7,-685.3580102720465,-457.38065590292996,-615.9751811874196,-520.525575494298,0.978,1.0,-2.4638937857581253,0.04886067104969846,0.015625
