case,category,month,n_named,named_%,same_region_%,rest_%,p_named_vs_region,p_named_vs_rest
Паводок 2024,Все категории,2024-04,19,0.861212625919805,2.8414935867286495,1.9316200855179488,0.00395518392767019,0.013332188654789488
Паводок 2024,Все категории,2024-05,19,-0.8929832984064134,-1.6781970947285174,-0.8504014598198495,0.32653437877504643,0.7306301911372634
Паводок 2024,Продовольствие,2024-04,19,-0.3435549015181394,0.0234608160981864,-0.7668462196036785,0.45018804545099156,0.3515302579833506
Паводок 2024,Продовольствие,2024-05,19,0.29982190038566614,0.005984187279217679,0.4265888881111124,0.1833809034645596,0.8962995257432465
Паводок 2024,Маркетплейсы,2024-04,19,7.8449245496123865,12.815159488390293,14.061747117628265,0.007445234985511951,7.119611020916701e-06
Паводок 2024,Маркетплейсы,2024-05,19,8.805284770586486,4.089742221791104,5.643420485256279,0.043514155210965466,0.1207215024458562
Паводок 2024,Здоровье,2024-04,19,1.8399597519626276,2.3129809202615093,5.339550650841396,0.45018804545099156,0.004755337788836141
Паводок 2024,Здоровье,2024-05,19,-3.441191760033391,-3.3569659711841116,-2.765320971879337,0.8734804954896964,0.6479653264917218
Паводок 2024,Общественное питание,2024-04,19,2.4703767116814213,1.3625937518764175,2.595891095826719,0.43795652932407714,0.9496714668611885
Паводок 2024,Общественное питание,2024-05,19,1.1834608096862986,1.1431745620051004,1.3051973513698911,0.9222513846867397,0.9376018365426302
Паводок 2024,Транспорт,2024-04,19,4.031631884766007,0.7658816206533192,4.264461759330285,0.015112136364522003,0.9859386239242115
Паводок 2024,Транспорт,2024-05,19,-3.790980118265175,0.33517916481704546,0.7446149167592786,0.029027212365889263,0.0024946417104327666
