region,territory_id,month,category,dz,alarm_t,alarm_c
1,1,2024-04,Все категории,0.10752283603486834,0.0,0.125
1,1,2024-04,Продовольствие,-0.28052748037883607,0.0,0.0
1,1,2024-04,Маркетплейсы,0.43218865836296105,0.0,0.0
1,1,2024-04,Здоровье,1.3984990906029318,0.0,0.0
1,1,2024-04,Общественное питание,0.9391831379151918,0.0,0.0
1,1,2024-04,Транспорт,0.1179490447434739,0.0,0.125
1,1,2024-05,Все категории,-0.8185757175035995,0.0,0.125
1,1,2024-05,Продовольствие,-0.0235511683563725,0.0,0.0
1,1,2024-05,Маркетплейсы,-0.5416451683956746,0.0,0.0
1,1,2024-05,Здоровье,0.025629973749636548,0.0,0.0
1,1,2024-05,Общественное питание,0.042719669782692204,0.0,0.125
1,1,2024-05,Транспорт,-0.3631197460998967,0.0,0.0
1,1,2024-06,Все категории,-0.15697906600333833,0.0,0.0
1,1,2024-06,Продовольствие,-0.32142022525820096,0.0,0.0
1,1,2024-06,Маркетплейсы,-0.14794562372696674,0.0,0.0
1,1,2024-06,Здоровье,0.3637882631723466,0.0,0.0
1,1,2024-06,Общественное питание,-0.3348013770375412,0.0,0.125
1,1,2024-06,Транспорт,0.3690965735135396,0.0,0.125
1,1,2024-12,Все категории,0.053752817177752765,0.0,0.0
1,1,2024-12,Продовольствие,-0.7182447568937695,0.0,0.0
1,1,2024-12,Маркетплейсы,0.6378982408595217,0.0,0.0
1,1,2024-12,Здоровье,-0.4295544714906844,0.0,0.0
1,1,2024-12,Общественное питание,0.8752303576107645,0.0,0.0
1,1,2024-12,Транспорт,-0.3918039881702626,0.0,0.0
1,4,2024-08,Все категории,-0.15740918372545587,0.0,0.0
1,4,2024-08,Продовольствие,-0.4264305582768133,0.0,0.0
1,4,2024-08,Маркетплейсы,-0.17196472477374747,0.0,0.0
1,4,2024-08,Здоровье,-1.270466004973461,0.0,0.0
1,4,2024-08,Общественное питание,-1.0159554540808835,0.0,0.0
1,4,2024-08,Транспорт,0.40895968474800726,0.0,0.14285714285714285
1,8,2024-08,Все категории,0.5634046785322776,0.0,0.0
1,8,2024-08,Продовольствие,1.8918546948412334,1.0,0.0
1,8,2024-08,Маркетплейсы,-0.7375114656842117,0.0,0.0
1,8,2024-08,Здоровье,1.680723196746303,0.0,0.0
1,8,2024-08,Общественное питание,-0.17985609206657177,0.0,0.0
1,8,2024-08,Транспорт,0.1419325575783419,0.0,0.14285714285714285
4,10,2024-07,Все категории,-0.30468797715961315,0.0,0.0
4,10,2024-07,Продовольствие,-0.06307309433342734,0.0,0.0
4,10,2024-07,Маркетплейсы,0.39888876525431205,0.0,0.0
4,10,2024-07,Здоровье,0.4634481268731261,0.0,0.0
4,10,2024-07,Общественное питание,-1.2749582241672184,0.0,0.1111111111111111
4,10,2024-07,Транспорт,0.39307978472316824,0.0,0.0
4,10,2024-12,Все категории,0.40538589100780964,0.0,0.1111111111111111
4,10,2024-12,Продовольствие,0.2670260445758914,0.0,0.0
4,10,2024-12,Маркетплейсы,0.5085716111892655,0.0,0.1111111111111111
4,10,2024-12,Здоровье,-0.6601069115478932,0.0,0.0
4,10,2024-12,Общественное питание,1.0547881097935297,0.0,0.0
4,10,2024-12,Транспорт,0.3405816598667835,0.0,0.0
4,11,2024-03,Все категории,-0.4537901712043895,0.0,0.125
4,11,2024-03,Продовольствие,-0.500883725640453,0.0,0.0
4,11,2024-03,Маркетплейсы,-0.9199930586505325,0.0,0.0
4,11,2024-03,Здоровье,-0.2029420923551073,0.0,0.0
4,11,2024-03,Общественное питание,-0.4254123992469582,0.0,0.0
4,11,2024-03,Транспорт,-0.5371987726258852,0.0,0.0
4,11,2024-06,Все категории,0.6224566160446812,1.0,0.0
4,11,2024-06,Продовольствие,1.0967546722683992,0.0,0.0
4,11,2024-06,Маркетплейсы,-0.5682023633526079,0.0,0.0
4,11,2024-06,Здоровье,0.21269402368054044,0.0,0.0
4,11,2024-06,Общественное питание,1.4181374419392627,0.0,0.1111111111111111
4,11,2024-06,Транспорт,1.170147931187167,0.0,0.0
4,11,2024-07,Все категории,0.028925967570681332,0.0,0.0
4,11,2024-07,Продовольствие,0.6523612911390375,0.0,0.0
4,11,2024-07,Маркетплейсы,-0.44267162720857056,0.0,0.0
4,11,2024-07,Здоровье,1.2437578109156635,0.0,0.0
4,11,2024-07,Общественное питание,-0.03894039645654905,0.0,0.1111111111111111
4,11,2024-07,Транспорт,0.09376954098447503,0.0,0.0
4,11,2024-08,Все категории,-0.48022940212599174,0.0,0.0
4,11,2024-08,Продовольствие,-0.312656838668651,0.0,0.0
4,11,2024-08,Маркетплейсы,0.14133735412556803,0.0,0.0
4,11,2024-08,Здоровье,-1.0196425837204464,0.0,0.0
4,11,2024-08,Общественное питание,-0.4892212308967493,0.0,0.0
4,11,2024-08,Транспорт,0.1354508128926204,0.0,0.0
4,11,2024-09,Все категории,0.3169590181026623,0.0,0.0
4,11,2024-09,Продовольствие,0.4896927815412305,0.0,0.0
4,11,2024-09,Маркетплейсы,0.6161910445098409,0.0,0.0
4,11,2024-09,Здоровье,-0.9750017065097627,0.0,0.0
4,11,2024-09,Общественное питание,-0.5615591170789459,0.0,0.0
4,11,2024-09,Транспорт,-1.873292258068955,0.0,0.0
4,11,2024-10,Все категории,0.32307607904471713,1.0,0.1
4,11,2024-10,Продовольствие,1.0360962895868697,0.0,0.0
4,11,2024-10,Маркетплейсы,-0.25812725646716683,0.0,0.2
4,11,2024-10,Здоровье,-2.286995655638324,0.0,0.0
4,11,2024-10,Общественное питание,0.797382260096572,0.0,0.0
4,11,2024-10,Транспорт,0.9494874206594739,0.0,0.0
4,11,2024-12,Все категории,-0.638539470746567,1.0,0.1111111111111111
4,11,2024-12,Продовольствие,-0.4452573806074119,0.0,0.0
4,11,2024-12,Маркетплейсы,-0.8584623154113009,0.0,0.1111111111111111
4,11,2024-12,Здоровье,0.23499397501467723,0.0,0.0
4,11,2024-12,Общественное питание,0.1068405703499894,0.0,0.0
4,11,2024-12,Транспорт,-0.8559063873328875,0.0,0.0
4,14,2024-04,Все категории,0.2201572434835296,0.0,0.1
4,14,2024-04,Продовольствие,0.04993051651352309,0.0,0.0
4,14,2024-04,Маркетплейсы,-0.367418566930549,0.0,0.1
4,14,2024-04,Здоровье,1.2939394499743673,0.0,0.0
4,14,2024-04,Общественное питание,-0.4662010773873926,0.0,0.0
4,14,2024-04,Транспорт,1.0336471567946726,0.0,0.0
4,15,2024-03,Все категории,-0.5940806682099176,0.0,0.125
4,15,2024-03,Продовольствие,0.2947602671504801,0.0,0.0
4,15,2024-03,Маркетплейсы,-1.086642035689686,0.0,0.0
4,15,2024-03,Здоровье,-1.1794336136389834,0.0,0.0
4,15,2024-03,Общественное питание,0.2828470582085384,0.0,0.0
4,15,2024-03,Транспорт,-0.7984167446273267,0.0,0.0
4,15,2024-05,Все категории,-0.8365665414224701,0.0,0.1
4,15,2024-05,Продовольствие,-0.40294520058755,0.0,0.0
4,15,2024-05,Маркетплейсы,-0.6972874453939111,0.0,0.1
4,15,2024-05,Здоровье,-0.3344749130553959,0.0,0.0
4,15,2024-05,Общественное питание,-1.5286951256989798,0.0,0.0
4,15,2024-05,Транспорт,-0.5648639831972724,0.0,0.0
4,18,2024-03,Все категории,-0.07658738010516168,0.0,0.125
4,18,2024-03,Продовольствие,0.23271078429433267,0.0,0.0
4,18,2024-03,Маркетплейсы,-1.1607704752049557,0.0,0.0
4,18,2024-03,Здоровье,-0.17922676030159623,0.0,0.0
4,18,2024-03,Общественное питание,-0.5797904731778764,0.0,0.0
4,18,2024-03,Транспорт,-0.6979700626844834,0.0,0.0
4,18,2024-06,Все категории,0.13032992117879705,0.0,0.0
4,18,2024-06,Продовольствие,-0.17251107340740537,0.0,0.0
4,18,2024-06,Маркетплейсы,0.5513864632427312,0.0,0.0
4,18,2024-06,Здоровье,0.12605123385229983,0.0,0.0
4,18,2024-06,Общественное питание,0.34259700921961134,0.0,0.1111111111111111
4,18,2024-06,Транспорт,-0.030302260920678205,0.0,0.0
2,21,2024-03,Все категории,0.1427717188092582,0.0,0.0
2,21,2024-03,Продовольствие,-0.16888960070517006,0.0,0.03333333333333333
2,21,2024-03,Маркетплейсы,1.327541530637474,0.0,0.03333333333333333
2,21,2024-03,Здоровье,0.006910495361325153,0.0,0.13333333333333333
2,21,2024-03,Общественное питание,-0.45313608449338083,0.0,0.13333333333333333
2,21,2024-03,Транспорт,-0.1928638981100741,0.0,0.03333333333333333
2,21,2024-04,Все категории,0.5254486131539062,0.0,0.03636363636363636
2,21,2024-04,Продовольствие,-0.2873767239590588,0.0,0.01818181818181818
2,21,2024-04,Маркетплейсы,1.50141310743395,0.0,0.05454545454545454
2,21,2024-04,Здоровье,1.1132932057894336,0.0,0.12727272727272726
2,21,2024-04,Общественное питание,0.7118960962257233,0.0,0.09090909090909091
2,21,2024-04,Транспорт,0.5552873754535658,0.0,0.05454545454545454
2,21,2024-05,Все категории,-1.109161652386938,0.0,0.05084745762711865
2,21,2024-05,Продовольствие,-0.3039354793886594,0.0,0.0
2,21,2024-05,Маркетплейсы,0.13791696566696654,0.0,0.03389830508474576
2,21,2024-05,Здоровье,0.09022586260808946,0.0,0.1016949152542373
2,21,2024-05,Общественное питание,0.30846088681232675,1.0,0.0847457627118644
2,21,2024-05,Транспорт,-0.35490720567155715,0.0,0.05084745762711865
2,21,2024-06,Все категории,-0.21531427754213847,0.0,0.05
2,21,2024-06,Продовольствие,0.029456584921348693,0.0,0.0
2,21,2024-06,Маркетплейсы,0.7839965828069471,0.0,0.016666666666666666
2,21,2024-06,Здоровье,-0.3909370810453048,0.0,0.06666666666666667
2,21,2024-06,Общественное питание,-0.9157340594144141,1.0,0.13333333333333333
2,21,2024-06,Транспорт,0.6238734075137649,0.0,0.06666666666666667
2,21,2024-09,Все категории,-0.18016743840758465,0.0,0.06666666666666667
2,21,2024-09,Продовольствие,-0.35590816194637975,0.0,0.0
2,21,2024-09,Маркетплейсы,1.2440249243028472,0.0,0.0
2,21,2024-09,Здоровье,-0.8104196886829678,0.0,0.13333333333333333
2,21,2024-09,Общественное питание,-0.6764389127099143,1.0,0.06666666666666667
2,21,2024-09,Транспорт,-0.8072244619721844,0.0,0.11666666666666667
2,21,2024-10,Все категории,0.562227899343521,0.0,0.06666666666666667
2,21,2024-10,Продовольствие,0.3572003800394739,0.0,0.016666666666666666
2,21,2024-10,Маркетплейсы,1.3730946336995737,0.0,0.016666666666666666
2,21,2024-10,Здоровье,0.4589790981740254,0.0,0.1
2,21,2024-10,Общественное питание,-0.4056798752223296,1.0,0.08333333333333333
2,21,2024-10,Транспорт,0.2635116110580365,0.0,0.11666666666666667
2,21,2024-11,Все категории,0.6805585645135129,0.0,0.06779661016949153
2,21,2024-11,Продовольствие,0.635766739749509,0.0,0.03389830508474576
2,21,2024-11,Маркетплейсы,0.8235668411180863,0.0,0.03389830508474576
2,21,2024-11,Здоровье,-0.3229881351517183,0.0,0.06779661016949153
2,21,2024-11,Общественное питание,-0.18896294899498695,0.0,0.0847457627118644
2,21,2024-11,Транспорт,0.346252212354731,0.0,0.06779661016949153
2,21,2024-12,Все категории,-0.7273256698948343,0.0,0.03389830508474576
2,21,2024-12,Продовольствие,-0.4393364310078596,0.0,0.03389830508474576
2,21,2024-12,Маркетплейсы,0.7998179763713313,0.0,0.01694915254237288
2,21,2024-12,Здоровье,-0.7813713919355115,0.0,0.05084745762711865
2,21,2024-12,Общественное питание,-0.2828791403572176,0.0,0.05084745762711865
2,21,2024-12,Транспорт,0.06533643599211947,0.0,0.03389830508474576
2,23,2024-05,Все категории,-1.0527881616413828,0.0,0.05084745762711865
2,23,2024-05,Продовольствие,0.034485729096649126,0.0,0.0
2,23,2024-05,Маркетплейсы,0.8517876517986638,0.0,0.03389830508474576
2,23,2024-05,Здоровье,0.27205892132989357,0.0,0.1016949152542373
2,23,2024-05,Общественное питание,0.17510243271116355,0.0,0.0847457627118644
2,23,2024-05,Транспорт,0.24399582816299387,0.0,0.05084745762711865
2,29,2024-07,Все категории,1.023684652644551,0.0,0.05172413793103448
2,29,2024-07,Продовольствие,0.42429541139489285,0.0,0.017241379310344827
2,29,2024-07,Маркетплейсы,1.0238258303890033,0.0,0.0
2,29,2024-07,Здоровье,1.0852389129706483,0.0,0.15517241379310345
2,29,2024-07,Общественное питание,-0.35388401652792434,1.0,0.1206896551724138
2,29,2024-07,Транспорт,0.14627013203325856,0.0,0.10344827586206896
2,30,2024-07,Все категории,-0.386652145718722,0.0,0.05172413793103448
2,30,2024-07,Продовольствие,0.3161448330789785,0.0,0.017241379310344827
2,30,2024-07,Маркетплейсы,-2.0030048627909243,0.0,0.0
2,30,2024-07,Здоровье,0.2157883320106584,0.0,0.15517241379310345
2,30,2024-07,Общественное питание,1.7367573566204526,0.0,0.1206896551724138
2,30,2024-07,Транспорт,0.3206183725366062,0.0,0.10344827586206896
2,49,2024-04,Все категории,-0.9663674183275834,0.0,0.03636363636363636
2,49,2024-04,Продовольствие,0.688857017350981,0.0,0.01818181818181818
2,49,2024-04,Маркетплейсы,-0.7283441364033139,0.0,0.05454545454545454
2,49,2024-04,Здоровье,-0.5849952633378067,0.0,0.12727272727272726
2,49,2024-04,Общественное питание,-0.9576931319966807,0.0,0.09090909090909091
2,49,2024-04,Транспорт,-0.2182830909473854,0.0,0.05454545454545454
2,55,2024-04,Все категории,-0.4277288030246733,0.0,0.03636363636363636
2,55,2024-04,Продовольствие,0.6450750319277958,0.0,0.01818181818181818
2,55,2024-04,Маркетплейсы,0.4659332684343971,0.0,0.05454545454545454
2,55,2024-04,Здоровье,-1.656487173328046,1.0,0.12727272727272726
2,55,2024-04,Общественное питание,-0.7539423175688197,1.0,0.09090909090909091
2,55,2024-04,Транспорт,-0.5719781317170773,0.0,0.05454545454545454
2,61,2024-11,Все категории,1.3588535642138377,0.0,0.06779661016949153
2,61,2024-11,Продовольствие,0.266843168541528,0.0,0.03389830508474576
2,61,2024-11,Маркетплейсы,0.14688191961783748,0.0,0.03389830508474576
2,61,2024-11,Здоровье,0.8613493435676578,1.0,0.06779661016949153
2,61,2024-11,Общественное питание,1.8442366705125421,0.0,0.0847457627118644
2,61,2024-11,Транспорт,-1.8496434087241558,1.0,0.06779661016949153
2,65,2024-04,Все категории,0.048543081203148986,0.0,0.03636363636363636
2,65,2024-04,Продовольствие,0.2562302635659434,0.0,0.01818181818181818
2,65,2024-04,Маркетплейсы,-0.20531368696508334,0.0,0.05454545454545454
2,65,2024-04,Здоровье,0.5285739093714615,0.0,0.12727272727272726
2,65,2024-04,Общественное питание,0.11645875178807776,0.0,0.09090909090909091
2,65,2024-04,Транспорт,0.5112611260244035,0.0,0.05454545454545454
2,67,2024-04,Все категории,-0.35425241857015927,0.0,0.03636363636363636
2,67,2024-04,Продовольствие,0.8547528653949229,0.0,0.01818181818181818
2,67,2024-04,Маркетплейсы,0.1407133264367828,0.0,0.05454545454545454
2,67,2024-04,Здоровье,0.3811039491651067,0.0,0.12727272727272726
2,67,2024-04,Общественное питание,1.2362023402757,0.0,0.09090909090909091
2,67,2024-04,Транспорт,0.7485306073232854,0.0,0.05454545454545454
2,75,2024-12,Все категории,-1.18770735809347,0.0,0.03389830508474576
2,75,2024-12,Продовольствие,-0.8784529544980231,0.0,0.03389830508474576
2,75,2024-12,Маркетплейсы,0.8081899962609951,0.0,0.01694915254237288
2,75,2024-12,Здоровье,-0.47336241311197813,0.0,0.05084745762711865
2,75,2024-12,Общественное питание,-0.2957294535568704,0.0,0.05084745762711865
2,75,2024-12,Транспорт,-0.13270523225110797,0.0,0.03389830508474576
2,77,2024-07,Все категории,0.7006272881488825,0.0,0.05172413793103448
2,77,2024-07,Продовольствие,0.3402170346638951,0.0,0.017241379310344827
2,77,2024-07,Маркетплейсы,2.6435553461018477,0.0,0.0
2,77,2024-07,Здоровье,-1.4824219392783813,1.0,0.15517241379310345
2,77,2024-07,Общественное питание,-0.09319936780274224,0.0,0.1206896551724138
2,77,2024-07,Транспорт,0.2605712208260814,0.0,0.10344827586206896
2,81,2024-04,Все категории,0.07044899041962338,0.0,0.03636363636363636
2,81,2024-04,Продовольствие,-0.1328429094951281,0.0,0.01818181818181818
2,81,2024-04,Маркетплейсы,-0.18523206900551115,0.0,0.05454545454545454
2,81,2024-04,Здоровье,-0.2939224795321985,0.0,0.12727272727272726
2,81,2024-04,Общественное питание,-0.4989766106168034,0.0,0.09090909090909091
2,81,2024-04,Транспорт,-0.685204211703488,0.0,0.05454545454545454
7,167,2024-05,Все категории,0.3731221093729076,0.0,0.0
7,167,2024-05,Продовольствие,1.0973512363477465,0.0,0.0
7,167,2024-05,Маркетплейсы,-0.39514459483047804,0.0,0.0
7,167,2024-05,Здоровье,-0.35324368091267816,0.0,0.0
7,167,2024-05,Общественное питание,0.3778765578957347,1.0,0.0
7,167,2024-05,Транспорт,0.15874867624018674,0.0,0.0
7,167,2024-10,Все категории,-0.3134650148280505,0.0,0.0
7,167,2024-10,Продовольствие,0.14418864164383996,0.0,0.0
7,167,2024-10,Маркетплейсы,0.7092824822772554,0.0,0.0
7,167,2024-10,Здоровье,0.9883842260865964,0.0,0.0
7,167,2024-10,Общественное питание,0.05547978882729597,0.0,0.0
7,167,2024-10,Транспорт,0.7432109152450704,0.0,0.0
7,167,2024-12,Все категории,-0.3100507381695685,0.0,0.0
7,167,2024-12,Продовольствие,0.021683696790147033,0.0,0.3333333333333333
7,167,2024-12,Маркетплейсы,-0.024352619722957103,0.0,0.0
7,167,2024-12,Здоровье,-0.39194235810517886,0.0,0.0
7,167,2024-12,Общественное питание,-0.06967265046051796,0.0,0.0
7,167,2024-12,Транспорт,-0.5295625520372954,0.0,0.0
8,181,2024-08,Все категории,-0.5222787805455459,0.0,0.3333333333333333
8,181,2024-08,Продовольствие,0.17020202166348486,0.0,0.0
8,181,2024-08,Маркетплейсы,0.9903502586765234,1.0,0.0
8,181,2024-08,Здоровье,-1.0376163975003716,0.0,0.0
8,181,2024-08,Общественное питание,1.328846053426452,0.0,0.0
8,181,2024-08,Транспорт,-0.5482152629977812,0.0,0.0
8,181,2024-09,Все категории,0.7624441297630971,0.0,0.25
8,181,2024-09,Продовольствие,0.11056073188261373,0.0,0.0
8,181,2024-09,Маркетплейсы,1.2474965329500707,1.0,0.0
8,181,2024-09,Здоровье,-0.8780773437685105,0.0,0.25
8,181,2024-09,Общественное питание,0.24505758771101988,0.0,0.0
8,181,2024-09,Транспорт,-1.493368339216202,0.0,0.0
8,181,2024-12,Все категории,-0.29901812614552414,0.0,0.25
8,181,2024-12,Продовольствие,-1.0385780300723109,0.0,0.0
8,181,2024-12,Маркетплейсы,-0.639283764771716,0.0,0.0
8,181,2024-12,Здоровье,1.4264018552911197,0.0,0.0
8,181,2024-12,Общественное питание,0.6135037495398681,0.0,0.25
8,181,2024-12,Транспорт,0.18943838519344658,0.0,0.0
8,184,2024-06,Все категории,-0.07118350812774549,0.0,0.0
8,184,2024-06,Продовольствие,0.061830784879252254,0.0,0.0
8,184,2024-06,Маркетплейсы,1.3709562662284773,0.0,0.0
8,184,2024-06,Здоровье,0.7722450192463376,0.0,0.0
8,184,2024-06,Общественное питание,-0.33070165792293815,1.0,0.0
8,184,2024-06,Транспорт,-0.6603292993090301,0.0,0.0
8,185,2024-08,Все категории,-0.8257406271475,0.0,0.3333333333333333
8,185,2024-08,Продовольствие,-0.4061374568784134,0.0,0.0
8,185,2024-08,Маркетплейсы,0.25310702018083364,0.0,0.0
8,185,2024-08,Здоровье,-1.4465198591660844,0.0,0.0
8,185,2024-08,Общественное питание,1.2814575141031075,0.0,0.0
8,185,2024-08,Транспорт,0.9151153425942027,0.0,0.0
8,188,2024-02,Все категории,0.03168638847275196,0.0,0.25
8,188,2024-02,Продовольствие,0.08919096935462317,0.0,0.0
8,188,2024-02,Маркетплейсы,-0.006196990322505869,0.0,0.25
8,188,2024-02,Здоровье,-1.5944489908863022,0.0,0.0
8,188,2024-02,Общественное питание,-2.085449729888881,0.0,0.0
8,188,2024-02,Транспорт,-0.8633431076940303,0.0,0.0
8,188,2024-11,Все категории,-1.3043684676983118,1.0,0.0
8,188,2024-11,Продовольствие,-0.5433889697706811,0.0,0.0
8,188,2024-11,Маркетплейсы,-0.6667820481852528,0.0,0.0
8,188,2024-11,Здоровье,1.3842012483717898,0.0,0.0
8,188,2024-11,Общественное питание,-0.2509057708019711,0.0,0.25
8,188,2024-11,Транспорт,1.6493170725930553,1.0,0.0
8,191,2024-04,Все категории,0.7246467501449052,0.0,0.0
8,191,2024-04,Продовольствие,-0.06812506515484451,0.0,0.0
8,191,2024-04,Маркетплейсы,0.7583503092814933,0.0,0.0
8,191,2024-04,Здоровье,0.04206613156648492,0.0,0.0
8,191,2024-04,Общественное питание,-0.09547382181565933,0.0,0.25
8,191,2024-04,Транспорт,-0.24099748493422785,0.0,0.0
41,608,2024-08,Все категории,-0.8803172704806275,0.0,0.0
41,608,2024-08,Продовольствие,-0.3591452527420394,0.0,0.0
41,608,2024-08,Маркетплейсы,-0.49292686640169614,0.0,0.125
41,608,2024-08,Здоровье,-1.3506393546722624,0.0,0.0
41,608,2024-08,Общественное питание,-0.7764217905201443,0.0,0.0
41,608,2024-08,Транспорт,-0.7980097514616098,0.0,0.0
26,824,2024-11,Все категории,0.4169968370173361,0.0,0.0
26,824,2024-11,Продовольствие,0.993197898650644,0.0,0.0625
26,824,2024-11,Маркетплейсы,0.5783329648290226,0.0,0.0
26,824,2024-11,Здоровье,0.1117037362366452,0.0,0.0
26,824,2024-11,Общественное питание,0.020344694232608762,0.0,0.0625
26,824,2024-11,Транспорт,-0.5847624147697621,0.0,0.0
45,1333,2024-03,Все категории,1.010785669739441,0.0,0.0
45,1333,2024-03,Продовольствие,0.9380990484168702,0.0,0.0
45,1333,2024-03,Маркетплейсы,1.20792790290991,0.0,0.08695652173913043
45,1333,2024-03,Здоровье,0.4949905014320408,0.0,0.043478260869565216
45,1333,2024-03,Общественное питание,0.13509862390469654,0.0,0.08695652173913043
45,1333,2024-03,Транспорт,-0.38033914139588887,0.0,0.13043478260869565
45,1333,2024-04,Все категории,-0.1802803746383469,0.0,0.0
45,1333,2024-04,Продовольствие,-0.06839879177875027,0.0,0.05
45,1333,2024-04,Маркетплейсы,0.9718020934350307,0.0,0.05
45,1333,2024-04,Здоровье,-0.12902656355775027,0.0,0.05
45,1333,2024-04,Общественное питание,1.5899318604911212,0.0,0.1
45,1333,2024-04,Транспорт,0.6009152917600515,0.0,0.15
45,1333,2024-05,Все категории,0.3636912431189602,0.0,0.0
45,1333,2024-05,Продовольствие,0.6907362714025972,0.0,0.043478260869565216
45,1333,2024-05,Маркетплейсы,1.3073166463092816,0.0,0.043478260869565216
45,1333,2024-05,Здоровье,0.4607609638355873,0.0,0.08695652173913043
45,1333,2024-05,Общественное питание,-0.2775497419444015,0.0,0.08695652173913043
45,1333,2024-05,Транспорт,0.41875699949970735,0.0,0.17391304347826086
45,1333,2024-06,Все категории,1.5347954277926206,0.0,0.0
45,1333,2024-06,Продовольствие,0.8188808530443774,0.0,0.043478260869565216
45,1333,2024-06,Маркетплейсы,1.9937196813120561,0.0,0.043478260869565216
45,1333,2024-06,Здоровье,0.7964972246644015,0.0,0.08695652173913043
45,1333,2024-06,Общественное питание,0.5330419588897712,0.0,0.08695652173913043
45,1333,2024-06,Транспорт,1.3112845928988057,0.0,0.17391304347826086
45,1338,2024-04,Все категории,-0.7004314659551367,0.0,0.0
45,1338,2024-04,Продовольствие,-1.2703049325401343,0.0,0.05
45,1338,2024-04,Маркетплейсы,0.09766341453149696,0.0,0.05
45,1338,2024-04,Здоровье,0.24250676063385357,0.0,0.05
45,1338,2024-04,Общественное питание,1.313465279773413,0.0,0.1
45,1338,2024-04,Транспорт,-1.3888629485693471,0.0,0.15
45,1343,2024-04,Все категории,0.2988270414421451,0.0,0.0
45,1343,2024-04,Продовольствие,-0.002814215292878508,0.0,0.05
45,1343,2024-04,Маркетплейсы,0.61631519526564,0.0,0.05
45,1343,2024-04,Здоровье,0.38027564802395986,0.0,0.05
45,1343,2024-04,Общественное питание,-0.15043898210795364,0.0,0.1
45,1343,2024-04,Транспорт,0.4734947567871715,0.0,0.15
45,1350,2024-04,Все категории,0.06646334081862593,0.0,0.0
45,1350,2024-04,Продовольствие,0.3915068756982113,0.0,0.05
45,1350,2024-04,Маркетплейсы,-0.4307084466994091,0.0,0.05
45,1350,2024-04,Здоровье,-1.095547897492203,0.0,0.05
45,1350,2024-04,Общественное питание,1.0310830729850589,0.0,0.1
45,1350,2024-04,Транспорт,1.3039099004387105,0.0,0.15
48,1410,2024-04,Все категории,0.5065314554509734,0.0,0.0
48,1410,2024-04,Продовольствие,0.012258447990470836,0.0,0.0
48,1410,2024-04,Маркетплейсы,1.2365965044060383,0.0,0.058823529411764705
48,1410,2024-04,Здоровье,0.8901401024600836,0.0,0.0
48,1410,2024-04,Общественное питание,0.8433614960135052,0.0,0.058823529411764705
48,1410,2024-04,Транспорт,1.0398652045373051,0.0,0.0
50,1461,2024-02,Все категории,-0.23558476597669348,0.0,0.0392156862745098
50,1461,2024-02,Продовольствие,-0.29093571058782275,0.0,0.0
50,1461,2024-02,Маркетплейсы,0.36408497990007493,0.0,0.0392156862745098
50,1461,2024-02,Здоровье,0.05577911801766024,1.0,0.39215686274509803
50,1461,2024-02,Общественное питание,0.32772321088845036,0.0,0.0392156862745098
50,1461,2024-02,Транспорт,0.040831828193962805,0.0,0.0196078431372549
50,1472,2024-01,Все категории,-0.2530158614247551,0.0,0.0196078431372549
50,1472,2024-01,Продовольствие,-0.12903079629123027,0.0,0.0
50,1472,2024-01,Маркетплейсы,-0.3409487040555885,0.0,0.0392156862745098
50,1472,2024-01,Здоровье,-0.25003030598400766,1.0,0.47058823529411764
50,1472,2024-01,Общественное питание,-0.28221074057197426,0.0,0.0196078431372549
50,1472,2024-01,Транспорт,-0.24316643569554675,0.0,0.0196078431372549
56,1665,2024-03,Все категории,0.42317875448142633,0.0,0.0
56,1665,2024-03,Продовольствие,0.374464420771281,0.0,0.02702702702702703
56,1665,2024-03,Маркетплейсы,0.8009079695308066,0.0,0.08108108108108109
56,1665,2024-03,Здоровье,0.2329181787129582,0.0,0.08108108108108109
56,1665,2024-03,Общественное питание,-0.12972733921415402,1.0,0.08108108108108109
56,1665,2024-03,Транспорт,-0.24042239798906834,0.0,0.13513513513513514
56,1665,2024-04,Все категории,-0.04709810227603928,0.0,0.0
56,1665,2024-04,Продовольствие,0.3770611015264567,0.0,0.029411764705882353
56,1665,2024-04,Маркетплейсы,-0.2309397241875044,0.0,0.058823529411764705
56,1665,2024-04,Здоровье,0.012775811510788243,0.0,0.08823529411764706
56,1665,2024-04,Общественное питание,0.8950091663313277,0.0,0.08823529411764706
56,1665,2024-04,Транспорт,0.8908826856901537,0.0,0.08823529411764706
56,1665,2024-05,Все категории,0.25815813918451025,0.0,0.027777777777777776
56,1665,2024-05,Продовольствие,0.40972583597447076,0.0,0.08333333333333333
56,1665,2024-05,Маркетплейсы,1.9259485469635471,0.0,0.08333333333333333
56,1665,2024-05,Здоровье,0.6914902122513955,0.0,0.08333333333333333
56,1665,2024-05,Общественное питание,0.428447916061347,0.0,0.05555555555555555
56,1665,2024-05,Транспорт,-0.07118488809574006,0.0,0.08333333333333333
56,1668,2024-05,Все категории,0.06159525298300639,0.0,0.027777777777777776
56,1668,2024-05,Продовольствие,0.26454990423846636,0.0,0.08333333333333333
56,1668,2024-05,Маркетплейсы,0.6446705511506241,0.0,0.08333333333333333
56,1668,2024-05,Здоровье,0.27395718937217367,0.0,0.08333333333333333
56,1668,2024-05,Общественное питание,0.5881850896226853,0.0,0.05555555555555555
56,1668,2024-05,Транспорт,0.24522423452473482,0.0,0.08333333333333333
56,1673,2024-04,Все категории,0.07568505500640521,0.0,0.0
56,1673,2024-04,Продовольствие,1.6310323521830592,1.0,0.029411764705882353
56,1673,2024-04,Маркетплейсы,-0.9866144228680183,1.0,0.058823529411764705
56,1673,2024-04,Здоровье,-0.7269969368424636,1.0,0.08823529411764706
56,1673,2024-04,Общественное питание,-0.23866872943359393,1.0,0.08823529411764706
56,1673,2024-04,Транспорт,0.9934310754526565,0.0,0.08823529411764706
56,1673,2024-05,Все категории,2.5137978338074665,0.0,0.027777777777777776
56,1673,2024-05,Продовольствие,1.0749879866111214,1.0,0.08333333333333333
56,1673,2024-05,Маркетплейсы,2.907400909629242,1.0,0.08333333333333333
56,1673,2024-05,Здоровье,2.297053544714121,1.0,0.08333333333333333
56,1673,2024-05,Общественное питание,2.1474885870158684,1.0,0.05555555555555555
56,1673,2024-05,Транспорт,0.4954476592647267,0.0,0.08333333333333333
56,1673,2024-07,Все категории,0.0695118312374825,0.0,0.07894736842105263
56,1673,2024-07,Продовольствие,0.08669962914206675,0.0,0.02631578947368421
56,1673,2024-07,Маркетплейсы,0.11769832347707654,0.0,0.02631578947368421
56,1673,2024-07,Здоровье,0.5464076384238759,0.0,0.05263157894736842
56,1673,2024-07,Общественное питание,-0.12148594894549998,0.0,0.15789473684210525
56,1673,2024-07,Транспорт,0.2699650591103369,0.0,0.10526315789473684
56,1673,2024-09,Все категории,0.2371965535595406,0.0,0.0
56,1673,2024-09,Продовольствие,0.07920128320869213,0.0,0.0
56,1673,2024-09,Маркетплейсы,0.533696020287924,0.0,0.02631578947368421
56,1673,2024-09,Здоровье,-0.2339281467785902,0.0,0.0
56,1673,2024-09,Общественное питание,-0.8090218391755772,0.0,0.02631578947368421
56,1673,2024-09,Транспорт,-0.4293987495407635,0.0,0.02631578947368421
56,1679,2024-04,Все категории,0.25014566597430066,1.0,0.0
56,1679,2024-04,Продовольствие,0.10804235329764274,0.0,0.029411764705882353
56,1679,2024-04,Маркетплейсы,-1.243858308560154,0.0,0.058823529411764705
56,1679,2024-04,Здоровье,-0.8961816945877689,0.0,0.08823529411764706
56,1679,2024-04,Общественное питание,1.2122598995686968,0.0,0.08823529411764706
56,1679,2024-04,Транспорт,1.4872160203551115,0.0,0.08823529411764706
56,1682,2024-03,Все категории,-0.6796169806429674,0.0,0.0
56,1682,2024-03,Продовольствие,-1.2198830709461352,0.0,0.02702702702702703
56,1682,2024-03,Маркетплейсы,-0.2450268590892577,0.0,0.08108108108108109
56,1682,2024-03,Здоровье,0.6187309060149174,0.0,0.08108108108108109
56,1682,2024-03,Общественное питание,-1.4212132974395488,0.0,0.08108108108108109
56,1682,2024-03,Транспорт,-0.6802603110133754,0.0,0.13513513513513514
56,1686,2024-04,Все категории,-0.6676335198113589,0.0,0.0
56,1686,2024-04,Продовольствие,-0.43009086963945475,1.0,0.029411764705882353
56,1686,2024-04,Маркетплейсы,-1.209912222915843,0.0,0.058823529411764705
56,1686,2024-04,Здоровье,0.4124669018555469,1.0,0.08823529411764706
56,1686,2024-04,Общественное питание,0.43043117108823115,0.0,0.08823529411764706
56,1686,2024-04,Транспорт,-0.3096882343423826,0.0,0.08823529411764706
56,1687,2024-04,Все категории,-1.3172228067968237,0.0,0.0
56,1687,2024-04,Продовольствие,-0.7933599537711987,0.0,0.029411764705882353
56,1687,2024-04,Маркетплейсы,-1.2941022215204863,1.0,0.058823529411764705
56,1687,2024-04,Здоровье,-1.038250565264192,0.0,0.08823529411764706
56,1687,2024-04,Общественное питание,-0.3862569762748794,0.0,0.08823529411764706
56,1687,2024-04,Транспорт,0.24204163355308445,0.0,0.08823529411764706
66,1989,2024-05,Все категории,1.2529795212478239,0.0,0.0
66,1989,2024-05,Продовольствие,-0.18157020231072185,0.0,0.0
66,1989,2024-05,Маркетплейсы,-0.2926367508073564,0.0,0.06349206349206349
66,1989,2024-05,Здоровье,-0.5686203617450026,0.0,0.031746031746031744
66,1989,2024-05,Общественное питание,-0.018057982957863296,0.0,0.07936507936507936
66,1989,2024-05,Транспорт,-1.0004340427736025,0.0,0.06349206349206349
67,2044,2024-04,Все категории,-0.3809321759487869,0.0,0.038461538461538464
67,2044,2024-04,Продовольствие,-0.29074488674416793,0.0,0.0
67,2044,2024-04,Маркетплейсы,-0.16113768859226707,0.0,0.038461538461538464
67,2044,2024-04,Здоровье,1.0409559063421763,0.0,0.038461538461538464
67,2044,2024-04,Общественное питание,0.45447815324773716,0.0,0.11538461538461539
67,2044,2024-04,Транспорт,0.2060028562874885,0.0,0.15384615384615385
69,2142,2024-09,Все категории,-1.1928151306335126,0.0,0.0
69,2142,2024-09,Продовольствие,-1.3906773390779237,0.0,0.0
69,2142,2024-09,Маркетплейсы,-2.401036026036921,1.0,0.027777777777777776
69,2142,2024-09,Здоровье,-0.4047583363964599,0.0,0.027777777777777776
69,2142,2024-09,Общественное питание,0.6722809640228413,0.0,0.027777777777777776
69,2142,2024-09,Транспорт,2.312395260344548,1.0,0.027777777777777776
72,2190,2024-04,Все категории,0.14451681738670763,0.0,0.0
72,2190,2024-04,Продовольствие,-0.6324600067668407,0.0,0.058823529411764705
72,2190,2024-04,Маркетплейсы,0.1777868967225631,0.0,0.0
72,2190,2024-04,Здоровье,1.2227093729891934,0.0,0.11764705882352941
72,2190,2024-04,Общественное питание,0.20361984435629848,0.0,0.0
72,2190,2024-04,Транспорт,0.5104272461348016,0.0,0.17647058823529413
72,2190,2024-05,Все категории,-0.7497768593259115,0.0,0.0
72,2190,2024-05,Продовольствие,0.10252848623993385,0.0,0.058823529411764705
72,2190,2024-05,Маркетплейсы,-0.014580520643842965,0.0,0.058823529411764705
72,2190,2024-05,Здоровье,0.5084487847396759,0.0,0.11764705882352941
72,2190,2024-05,Общественное питание,0.43864386689381385,0.0,0.0
72,2190,2024-05,Транспорт,-0.3927838823288739,0.0,0.11764705882352941
72,2192,2024-04,Все категории,-0.3798310138517919,0.0,0.0
72,2192,2024-04,Продовольствие,0.17254086299588553,0.0,0.058823529411764705
72,2192,2024-04,Маркетплейсы,-0.8617984548714754,0.0,0.0
72,2192,2024-04,Здоровье,-0.1822524619850242,0.0,0.11764705882352941
72,2192,2024-04,Общественное питание,-0.35116693769553264,0.0,0.0
72,2192,2024-04,Транспорт,0.5255402578524442,0.0,0.17647058823529413
72,2192,2024-05,Все категории,0.564025411386702,0.0,0.0
72,2192,2024-05,Продовольствие,0.45357368217843175,0.0,0.058823529411764705
72,2192,2024-05,Маркетплейсы,0.5386992314558265,0.0,0.058823529411764705
72,2192,2024-05,Здоровье,0.28033507804338575,0.0,0.11764705882352941
72,2192,2024-05,Общественное питание,0.9907803676362454,0.0,0.0
72,2192,2024-05,Транспорт,-0.4933939497956426,0.0,0.11764705882352941
72,2193,2024-05,Все категории,0.1560327100418839,0.0,0.0
72,2193,2024-05,Продовольствие,0.0593135750347934,0.0,0.058823529411764705
72,2193,2024-05,Маркетплейсы,0.5232775513865568,0.0,0.058823529411764705
72,2193,2024-05,Здоровье,1.0180697617194154,0.0,0.11764705882352941
72,2193,2024-05,Общественное питание,1.0026426923408784,1.0,0.0
72,2193,2024-05,Транспорт,-0.28496235196477787,0.0,0.11764705882352941
72,2194,2024-04,Все категории,0.05689185051592116,0.0,0.0
72,2194,2024-04,Продовольствие,-0.34000156528391823,0.0,0.058823529411764705
72,2194,2024-04,Маркетплейсы,-0.3672915279632434,0.0,0.0
72,2194,2024-04,Здоровье,-0.17536705918166495,0.0,0.11764705882352941
72,2194,2024-04,Общественное питание,-1.3044349358472898,0.0,0.0
72,2194,2024-04,Транспорт,0.7465951184083865,0.0,0.17647058823529413
72,2195,2024-04,Все категории,-1.1858000077137747,0.0,0.0
72,2195,2024-04,Продовольствие,-0.5459877254154181,0.0,0.058823529411764705
72,2195,2024-04,Маркетплейсы,-1.5899545274017106,0.0,0.0
72,2195,2024-04,Здоровье,0.20066660926935376,0.0,0.11764705882352941
72,2195,2024-04,Общественное питание,-0.29539483841927755,0.0,0.0
72,2195,2024-04,Транспорт,1.2519286528393323,0.0,0.17647058823529413
72,2195,2024-05,Все категории,0.8597756522140845,0.0,0.0
72,2195,2024-05,Продовольствие,1.4705602199445331,0.0,0.058823529411764705
72,2195,2024-05,Маркетплейсы,0.851311878377399,0.0,0.058823529411764705
72,2195,2024-05,Здоровье,-0.9828911991001755,0.0,0.11764705882352941
72,2195,2024-05,Общественное питание,-0.4513448642548066,0.0,0.0
72,2195,2024-05,Транспорт,-0.34059528332749495,0.0,0.11764705882352941
72,2199,2024-05,Все категории,0.509836100379077,0.0,0.0
72,2199,2024-05,Продовольствие,0.21147716068028916,0.0,0.058823529411764705
72,2199,2024-05,Маркетплейсы,-0.2672421597983938,0.0,0.058823529411764705
72,2199,2024-05,Здоровье,0.464477161864432,0.0,0.11764705882352941
72,2199,2024-05,Общественное питание,-1.9162144310516969,0.0,0.0
72,2199,2024-05,Транспорт,-1.3636833753923747,0.0,0.11764705882352941
72,2200,2024-04,Все категории,-0.053531065683420975,0.0,0.0
72,2200,2024-04,Продовольствие,0.6289300781431342,0.0,0.058823529411764705
72,2200,2024-04,Маркетплейсы,-1.2267343174764314,0.0,0.0
72,2200,2024-04,Здоровье,0.4367687934622374,1.0,0.11764705882352941
72,2200,2024-04,Общественное питание,1.3350073733796557,0.0,0.0
72,2200,2024-04,Транспорт,0.510936097554384,1.0,0.17647058823529413
72,2200,2024-05,Все категории,-0.19486635633196003,0.0,0.0
72,2200,2024-05,Продовольствие,1.016985609574769,0.0,0.058823529411764705
72,2200,2024-05,Маркетплейсы,-0.605123733213775,0.0,0.058823529411764705
72,2200,2024-05,Здоровье,-1.8312702229559488,1.0,0.11764705882352941
72,2200,2024-05,Общественное питание,-0.7664920781339228,0.0,0.0
72,2200,2024-05,Транспорт,-2.3785570782574195,1.0,0.11764705882352941
72,2204,2024-04,Все категории,-0.9215718592727792,0.0,0.0
72,2204,2024-04,Продовольствие,-0.08044515649640552,0.0,0.058823529411764705
72,2204,2024-04,Маркетплейсы,-1.3690598732029264,0.0,0.0
72,2204,2024-04,Здоровье,-1.9553735984437237,0.0,0.11764705882352941
72,2204,2024-04,Общественное питание,-0.946041925298009,0.0,0.0
72,2204,2024-04,Транспорт,0.6874907618874566,0.0,0.17647058823529413
72,2204,2024-05,Все категории,1.0622176786516677,0.0,0.0
72,2204,2024-05,Продовольствие,1.1093714081709474,0.0,0.058823529411764705
72,2204,2024-05,Маркетплейсы,1.2233345841970573,0.0,0.058823529411764705
72,2204,2024-05,Здоровье,-0.8855331941688686,0.0,0.11764705882352941
72,2204,2024-05,Общественное питание,0.5517196489308891,0.0,0.0
72,2204,2024-05,Транспорт,-0.6784111657941934,0.0,0.11764705882352941
72,2212,2024-04,Все категории,-0.5814364242782131,0.0,0.0
72,2212,2024-04,Продовольствие,0.12230575919906322,0.0,0.058823529411764705
72,2212,2024-04,Маркетплейсы,-0.9394145476331826,0.0,0.0
72,2212,2024-04,Здоровье,-0.32268076842481036,0.0,0.11764705882352941
72,2212,2024-04,Общественное питание,-0.032327372628212836,0.0,0.0
72,2212,2024-04,Транспорт,-0.06822134961394993,0.0,0.17647058823529413
86,2221,2024-05,Все категории,-0.5540382627455598,0.0,0.047619047619047616
86,2221,2024-05,Продовольствие,-0.5626376092689337,0.0,0.047619047619047616
86,2221,2024-05,Маркетплейсы,-0.005449653140879862,0.0,0.0
86,2221,2024-05,Здоровье,-0.21154187882887862,0.0,0.09523809523809523
86,2221,2024-05,Общественное питание,-0.5739507875878274,0.0,0.0
86,2221,2024-05,Транспорт,0.25416904643979216,0.0,0.09523809523809523
74,2275,2024-12,Все категории,-0.7437263178956413,0.0,0.0
74,2275,2024-12,Продовольствие,-0.3717057315817809,0.0,0.0
74,2275,2024-12,Маркетплейсы,0.8151382410076939,0.0,0.0
74,2275,2024-12,Здоровье,-0.38498409789705357,0.0,0.0
74,2275,2024-12,Общественное питание,0.23549718786037926,0.0,0.0
74,2275,2024-12,Транспорт,0.025679851273987198,0.0,0.027777777777777776
76,2333,2024-09,Все категории,-0.9800814825486811,0.0,0.0
76,2333,2024-09,Продовольствие,-1.1096606975204886,0.0,0.0
76,2333,2024-09,Маркетплейсы,-0.4437114031403562,0.0,0.0
76,2333,2024-09,Здоровье,-0.10251719254021763,0.0,0.0
76,2333,2024-09,Общественное питание,-0.841976247728963,0.0,0.1111111111111111
76,2333,2024-09,Транспорт,-1.2510646499283375,0.0,0.0
64,2887,2024-08,Все категории,0.09991987339820968,0.0,0.0
64,2887,2024-08,Продовольствие,-0.3177036130238242,0.0,0.0
64,2887,2024-08,Маркетплейсы,-0.024297685555865645,0.0,0.02631578947368421
64,2887,2024-08,Здоровье,-0.36380758759663623,0.0,0.02631578947368421
64,2887,2024-08,Общественное питание,-0.8898454696621134,0.0,0.07894736842105263
64,2887,2024-08,Транспорт,-0.5112719220432131,0.0,0.05263157894736842
