модель,h,MAE,"MdAPE, %","смещение, %","WAPE, %",R² уровней,R² г/г,целевых месяцев
Ансамбль,1,324.6020409703294,4.339124981599597,0.07830640888018606,3.5363771780430313,0.998006182677434,0.7596919015433168,6
Ансамбль,3,425.94441140657193,5.455631218877271,1.1843106956586382,4.640451708530255,0.9961609527439858,0.6052123017370608,6
Ансамбль,6,525.3592598482962,6.34491797156351,0.8442742514563748,5.72352684920707,0.9940461454189793,0.4106450687999361,6
Ансамбль,12,517.6262972325,7.157149178929345,0.005008167824085733,5.639280082207654,0.9952218065478814,0.1434057623095233,6
TimesFM-2.5 на d,1,325.6565658779326,4.336322427498153,0.11217534667169543,3.5478657004373404,0.9980050379822772,0.7595853109917392,6
TimesFM-2.5 на d,3,424.35749979735965,5.475051264274877,1.1899394884625882,4.623163098817222,0.9962771166028819,0.6039718918035284,6
TimesFM-2.5 на d,6,526.9010961111625,6.33079436521182,0.7713555909621672,5.740324385525634,0.9939985451405895,0.41101661241987253,6
TimesFM-2.5 на d,12,575.0354670693301,7.701264808469549,-0.7431145579307117,6.264724325917508,0.9737242138159268,0.08839400941943898,6
LightGBM на d,1,333.4031225647502,4.356249617516618,-0.08282496693251927,3.63226056805366,0.9978880037666973,0.7424854103374385,6
LightGBM на d,3,440.9845194718085,5.689624860278171,1.2515244146555633,4.804306177091853,0.9960256695913497,0.56743826473006,6
LightGBM на d,6,555.7411352701262,6.712586133297585,1.5059695192003482,6.054522213705491,0.9934636984735191,0.3746542389843235,6
LightGBM на d,12,550.108270784324,7.489514216110818,0.03557079808447147,5.993154967353454,0.9943846544447736,0.14510783661531534,6
Панель: уровень + сезонность d,1,348.3595293446982,4.563873210343697,0.08499431792550419,3.7952031529001027,0.9973687766235183,0.7122898681789855,6
Панель: уровень + сезонность d,3,442.39677000757763,5.598744377828893,1.1805231214388814,4.819691941609672,0.9955097620827208,0.5730267599799186,6
Панель: уровень + сезонность d,6,527.2808872241592,6.368023394917532,0.8295142826305633,5.744462020090131,0.9940576387532934,0.4074079082300033,6
Панель: уровень + сезонность d,12,520.9123259281986,7.194972254661028,0.040281511544433504,5.675079724289772,0.9951213323326932,0.136754571178743,6
Prophet по умолчанию (вся панель),1,635.3932241781366,7.21979913976582,-0.6937309720312962,6.922291955866446,0.9897824774641747,0.4765367119640025,6
Prophet по умолчанию (вся панель),3,725.4418478894065,8.902827615992562,-0.3501239040316645,7.9033267542145795,0.9882400014775794,0.08806560805118613,6
Prophet по умолчанию (вся панель),6,746.4045325836388,8.926706659420466,-1.378462145061353,8.131704738288843,0.9879205604713798,-0.5138208889006037,6
Prophet по умолчанию (вся панель),12,1045.5885469979255,13.671406193571134,2.698180639364863,11.391165207013037,0.9718350641295092,-1.948184535305098,6
