модель,h,множитель ширины (по validation),покрытие test до калибровки,покрытие test после калибровки
chronos2_joint,1,0.9760470525332156,0.8194857804232805,0.8103367504409171
chronos2_joint,3,0.8004341882056549,0.833898258377425,0.7412092151675485
chronos2_joint,6,0.6976458797226686,0.8624614197530864,0.718667328042328
chronos2_joint,12,0.5486802927082417,0.9068149250440917,0.6673142636684304
chronos_bolt,1,0.8778835802765383,0.8419863315696648,0.7922040343915344
chronos_bolt,3,0.7221433048808646,0.843667328042328,0.7151537698412699
chronos_bolt,6,0.6501124481451159,0.8772183641975309,0.7209959215167548
chronos_bolt,12,0.5462627494639264,0.9095982142857143,0.6773726851851852
chronos_bolt_small,1,0.8748764794211548,0.839823082010582,0.7877535273368607
chronos_bolt_small,3,0.7595488724941379,0.8353450176366843,0.7191220238095238
chronos_bolt_small,6,0.6812711389869658,0.8617724867724867,0.7083471119929453
chronos_bolt_small,12,0.5252479465263673,0.8972938712522046,0.6388751102292769
chronos2,1,0.9639315839583195,0.8366815476190477,0.8231922398589065
chronos2,3,0.8107814337387242,0.8333057760141094,0.7487185846560847
chronos2,6,0.7171303201513282,0.8585896164021164,0.7297178130511464
chronos2,12,0.6130124488640936,0.8928020282186949,0.6997492283950617
timesfm,1,0.9908243427943335,0.8266369047619048,0.8232611331569665
timesfm,3,1.025573194048493,0.783068783068783,0.7932374338624338
timesfm,6,1.1468412728878041,0.7817460317460317,0.8313492063492064
timesfm,12,1.2581042480809457,0.7379161155202821,0.8216490299823633
