month,n_watch,precision,base_rate
2024-01,1800,0.10444444444444445,0.10003306878306878
2024-02,1494,0.07965194109772424,0.10003306878306878
2024-03,1788,0.10906040268456375,0.10003306878306878
2024-04,2316,0.09110535405872193,0.10003306878306878
2024-05,2580,0.10348837209302325,0.10003306878306878
2024-06,2532,0.1406003159557662,0.10003306878306878
2024-07,2412,0.13059701492537312,0.10003306878306878
2024-08,3012,0.09893758300132802,0.10003306878306878
2024-09,2406,0.06650041562759768,0.10003306878306878
2024-10,1920,0.078125,0.10003306878306878
2024-11,1800,0.0661111111111111,0.10003306878306878
