date,title,types,mo_names,regions,тип_верен,территория_верна,мо_распознано_полностью,комментарий
2024-04-23,"Александр Куренков посетил пожарно - спасательную часть, вставшую на защиту Орска с первых минут подтопления",['emergency'],городской округ город Орск,,True,True,True,
2024-03-12,Беспилотник упал на крышу торгового центра в Белгороде,['attack'],городской округ город Белгород,,True,True,True,
2023-07-03,Губернатор подтвердил пожар в жилых домах после обстрела Брянской области,['attack'],,Брянская область,True,True,True,
2024-05-20,В Белгороде прогремели взрывы после объявления ракетной опасности,['attack'],городской округ город Белгород,,True,True,True,
2024-02-16,ВСУ обстреляли села в Белгородской области,['attack'],,Белгородская область,True,True,True,
2023-11-15,Самолет с эвакуированными из Газы россиянами сел в Домодедово,['emergency'],городской округ Домодедово,,False,True,True,эвакуация из Газы через аэропорт — не локальное событие
2024-05-26,Сразу два беспилотника ВСУ уничтожили над Брянской областью,['attack'],,Брянская область,True,True,True,
2024-09-07,В Курской области объявили ракетную опасность,['attack'],,Курская область,True,True,True,
2023-08-11,"Постановление Губернатора Московской области от 09.08.2023 № 217-ПГ  ""О введении на территории Сергиево-Посадского городского округа Московской области режима чрезвычайной ситуации регионального характера""",['emergency'],,Московская область,True,True,False,"регион верен, МО (Сергиево-Посадский ГО) не распознано"
2024-05-23,В Татарстане сбили «Летучую лисицу» ВСУ. Куда целился беспилотник?,['attack'],,Республика Татарстан,True,True,True,
2024-12-15,"Над российскими регионами сбили пять беспилотников. В Сочи раздались взрывы, в Брянской области ранен местный житель",['attack'],городской округ город-курорт Сочи,Брянская область,True,True,True,
2024-05-15,В Крыму после атаки ВСУ рассыпались суббоеприпасы от ракет ATACMS,['attack'],,Республика Крым,True,True,True,
2024-04-06,Число жертв прорыва дамбы в Орске возросло,['emergency'],городской округ город Орск,,True,True,True,
2024-05-26,Беспилотники атаковали Орловскую область,['attack'],,Орловская область,True,True,True,
2024-10-19,В России прокомментировали атаку беспилотника на Санкт-Петербург,['attack'],,Санкт-Петербург,True,True,True,
2024-01-09,Губернатор раскрыл состояние раненых при обстреле Белгорода,['attack'],городской округ город Белгород,,True,True,True,
2023-09-25,В Крыму сбили четыре беспилотника,['attack'],,Республика Крым,True,True,True,
2024-08-17,ВСУ попытались атаковать Курскую область беспилотником,['attack'],,Курская область,True,True,True,
2023-05-27,Армия России открыла мощный огонь по ВСУ после обстрелов Белгородской области,['attack'],,Белгородская область,True,True,True,
2024-04-04,Сотрудники МЧС России оказали помощь жителю Адамовки,['emergency'],,Оренбургская область,True,True,False,"регион верен, МО (Адамовский р-н) не распознано"
2024-02-15,Жительница рассказала о первых минутах обстрела Белгорода,['attack'],городской округ город Белгород,,True,True,True,
2024-04-29,МЧС России контролирует вопросы пожарной безопасности на более 39 тысяч объектов отдыха и оздоровления детей,['emergency'],,Республика Бурятия,False,True,True,профилактика пожарной безопасности — не событие
2023-12-31,Атаку на Белгород назвали новым видом терроризма,['attack'],городской округ город Белгород,,True,True,True,
2023-11-23,Украинский беспилотник атаковал воинскую часть Росгвардии в Ростовской области,['attack'],,Ростовская область,True,True,True,
2023-08-01,В Москве произошел взрыв на бывшем заводе счетно-аналитических машин,['economy'],,Москва,False,True,True,"взрыв на заводе — инцидент, а не «экономика»"
2023-06-09,Стала известна предполагаемая модель взорвавшегося в Воронеже беспилотника,['attack'],городской округ город Воронеж,,True,True,True,
2023-09-26,Минобороны доложило о пятом за ночь сбитом беспилотнике ВСУ в Курской области,['attack'],,Курская область,True,True,True,
2024-02-08,В небе над Крымом сбит украинский беспилотник,['attack'],,Республика Крым,True,True,True,
2024-10-24,В Курской области предупредили об охоте украинских дронов на автомобили с мирными жителями,['attack'],,Курская область,True,True,True,
2024-10-29,Появилось фото последствий удара дрона по университету спецназа имени Путина в Чечне,['attack'],,Чеченская Республика,True,True,True,
2023-06-02,Губернатор рассказал о ночных обстрелах Шебекино,['attack'],городской округ Шебекинский,,True,True,True,
2024-11-01,Пропавший в Курской области после обстрела ВСУ депутат-контрактник найден,['attack'],,Курская область,True,True,True,
2024-04-05,Для эвакуации после прорыва дамбы в Орске подготовили шесть ПВР,['emergency'],городской округ город Орск,,True,True,True,
2024-12-20,Стало известно о пятерых погибших при ракетном ударе по Рыльску,['attack'],Рыльский муниципальный район,,True,True,True,
2023-05-22,Десятки украинских диверсантов убиты под Белгородом. Что известно об атаке на российские села?,['attack'],городской округ город Белгород,,True,True,True,
2023-03-29,Раскрыты подробности об упавшем в Новой Москве беспилотнике,['attack'],,Москва,True,True,True,
2023-12-09,ВСУ обстреляли село в Брянской области,['attack'],,Брянская область,True,True,True,
2023-12-09,Стало известно о состоянии эвакуированных из Брянска после стрельбы подростков,['emergency'],городской округ город Брянск,,True,True,True,
2024-03-30,Двое сельчан попали в больницу из-за обстрела ВСУ Брянской области,['attack'],,Брянская область,True,True,True,
2024-06-02,При обстреле села в Белгородской области пострадали три человека,['attack'],,Белгородская область,True,True,True,
2024-05-15,Спасатели МЧС России ликвидируют последствия паводка в Курганской области,['emergency'],,Курганская область,True,True,True,
2023-10-14,Российские средства ПВО уничтожили беспилотник над Белгородской областью,['attack'],,Белгородская область,True,True,True,
2023-09-19,"Постановление Правительства Орловской области от 18.09.2023 № 649  ""О признании утратившим силу постановления Правительства Орловской области от 5 октября 2022 года № 595 ""О введении режима чрезвычайной ситуации в агропромышленном комплексе на территории Орловской области""",['emergency'],,Орловская область,False,True,True,акт об отмене прежнего режима ЧС принят за введение
2023-08-06,Собянин заявил о попытке прорыва на Москву беспилотника,['attack'],,Москва,True,True,True,
2024-10-10,Появилось видео загоревшегося после атаки БПЛА частного дома в Курской области,['attack'],,Курская область,True,True,True,
2023-05-27,Под обстрелом ВСУ в Курской области погиб строитель,['attack'],,Курская область,True,True,True,
2024-02-29,В Белгородской области сбили беспилотник,['attack'],,Белгородская область,True,True,True,
2023-10-26,Над Курской областью сбили еще один беспилотник ВСУ,['attack'],,Курская область,True,True,True,
2024-08-07,Число пострадавших из-за атак ВСУ на Курскую область резко возросло,['attack'],,Курская область,True,True,True,
2024-08-28,Стало известно о наведении беспилотников ВСУ на Кировскую область спутниками НАТО,['attack'],,Кировская область,False,True,True,рассуждение о наведении дронов — не событие
2023-10-14,Предприятия Шебекина рассказали о выживании после обстрелов,"['attack', 'economy']",городской округ Шебекинский,,True,True,True,
2024-01-19,Опубликованы новые видео самого сильного обстрела Белгорода ВСУ,['attack'],городской округ город Белгород,,True,True,True,
2024-01-21,В Донецке жертвами украинского обстрела стали 12 человек,['attack'],городской округ город Донецк,,True,False,False,"Донецк (ДНР) привязан к г. Донецку Ростовской обл. (омоним, регион не назван)"
2023-10-01,Над Смоленском сбили украинские беспилотники,['attack'],городской округ город Смоленск,,True,True,True,
2023-05-30,В Москве перекрыли движение по одной улице после сообщения о падении дрона,['attack'],,Москва,True,True,True,
2024-11-21,ВСУ попытались атаковать дронами Астраханскую область,['attack'],,Астраханская область,True,True,True,
2023-09-03,Минобороны заявило об уничтожении беспилотника ВСУ над Белгородской областью,['attack'],,Белгородская область,True,True,True,
2023-03-22,Севастополь атаковали надводные беспилотники,['attack'],,Севастополь,True,True,True,
2023-05-30,Среди атаковавших Москву беспилотников заметили дроны новой модели,['attack'],,Москва,True,True,True,
2024-02-12,"Указ Губернатора города Севастополя от 06.02.2024 № 08-УГ  ""О введении режима чрезвычайной ситуации муниципального характера, возникшей вследствие обрушения строительных конструкций в многоквартирном жилом доме по адресу: г. Севастополь, Нахимовский муниципальный округ, ул. Леваневского, д. 18""",['emergency'],,Севастополь,True,True,False,"регион верен, МО (Нахимовский МО) не распознано"
