область,модель,MAE test h=1,MAE test h=3,MAE test h=6,MAE test h=12,MAE val h=1,MAE val h=3,MAE val h=6,MAE val h=12,место test h=1,место test h=3,место test h=6,место test h=12,место val h=1,место val h=3,место val h=6,место val h=12
вся панель,Ансамбль (Caruana по группам h),324.6561965843637,426.89165977344106,525.7930875777071,517.1582960026287,309.6813048643986,402.26774792745016,514.5068270965594,670.0683607293154,1.0,2.0,1.0,1.0,1.0,1.0,1.0,3.0
вся панель,TimesFM-2.5 на d,325.6565671282283,424.3574975710284,526.9010937169994,575.0356544206119,311.6203589498246,405.84198237254617,520.7804994651124,776.8704935900341,2.0,1.0,3.0,8.0,2.0,2.0,4.0,8.0
вся панель,Chronos-2 (6 категорий совместно) на d,327.425701413769,432.7741034479401,556.3948183550377,655.5712895357633,319.36437853312765,437.1529765804411,548.9786622211061,797.2793207672423,3.0,3.0,11.0,10.0,4.0,10.0,9.0,10.0
вся панель,TiRex на d,328.8561844991596,435.5127388021068,545.3213968018937,579.6391045412374,325.8312053450145,435.30921749829423,563.622815475154,782.8525563535536,4.0,4.0,7.0,9.0,8.0,9.0,13.0,9.0
вся панель,Chronos-2 (одномерный) на d,332.1295461501881,441.9928000741625,564.8481924596026,658.5661299435642,321.39550205142075,441.0192456453366,552.7865472954684,806.9280336671319,5.0,8.0,13.0,12.0,5.0,12.0,10.0,12.0
вся панель,Chronos-Bolt (base) на d,332.38669221202963,440.9239732196616,554.7618710884026,668.2276165433796,323.808901971366,431.6344979742256,543.6865779424139,831.4706990037181,6.0,7.0,10.0,13.0,7.0,7.0,7.0,13.0
вся панель,Chronos-Bolt (small) на d,332.56213858519925,445.9912271955284,564.6402100013323,655.9797300434616,322.16370765305663,439.5953539855074,540.8806464553129,803.5301918074638,7.0,10.0,12.0,11.0,6.0,11.0,6.0,11.0
вся панель,Ансамбль без foundation models (абляция),333.18980714716696,437.9212131697409,525.9246114489605,517.7437719395346,318.7254987577467,406.9044596466212,514.6617639464353,667.3406214980434,8.0,5.0,2.0,2.0,3.0,3.0,2.0,2.0
вся панель,LightGBM на d,333.62005713776887,440.3027176348887,551.2790461293939,549.774278067794,350.5714315381417,433.20822611168666,558.2026972216948,712.4670864548721,9.0,6.0,8.0,7.0,13.0,8.0,12.0,6.0
вся панель,LightGBM v2 на d (без региона),337.648496951335,452.1080205706663,552.6986907968349,546.2506125435527,343.0098495540139,429.0199829837608,553.1828595736313,705.6374025189682,10.0,12.0,9.0,6.0,12.0,5.0,11.0,5.0
вся панель,Сезонная наивная × рост,341.10847299028376,454.23356768529175,655.4716947728951,1951.3194878305355,418.2759337592946,669.0758089169768,1287.159406518751,1805.957796434474,11.0,13.0,14.0,16.0,14.0,15.0,16.0,16.0
вся панель,Панель: последнее отклонение,341.4650358595838,462.86168437309976,544.8496521282929,519.5800270450759,336.70761712189216,445.8204570803511,545.7346540497261,688.5140958789968,12.0,14.0,6.0,4.0,11.0,13.0,8.0,4.0
вся панель,Панель: SES(0.5) на d,346.0796784494834,450.5235223699086,531.1399892939515,519.1465923663474,328.14666414026937,430.1568019796764,522.774086754895,718.9849116142987,13.0,11.0,5.0,3.0,9.0,6.0,5.0,7.0
вся панель,Панель: уровень + сезонность d,348.3595293446981,442.3967700075776,527.2808872241592,520.9123259281985,329.4715122113396,409.4500862033036,516.0410457196733,665.232941648266,14.0,9.0,4.0,5.0,10.0,4.0,3.0,1.0
вся панель,Наивная (последнее значение),624.3717964237252,863.8406966894122,1124.2154024431409,1288.6187274442525,726.1505091918694,667.6303731533764,868.3712176767569,1455.7373847242882,15.0,15.0,15.0,14.0,15.0,14.0,14.0,14.0
вся панель,Сезонная наивная,1288.6187274442525,1288.6187274442525,1288.6187274442525,1288.6187274442525,1243.5201170989276,1243.5201170989276,1243.5201170989276,1455.7373847242882,16.0,16.0,16.0,14.0,16.0,16.0,15.0,14.0
выборка 500 МО,Prophet на d (локальная компонента),449.2306180599387,582.3372456104516,729.0212795692265,1221.0966082162408,439.387629168082,546.0083453943812,815.677954343219,1300.2722329916714,1.0,1.0,3.0,3.0,1.0,2.0,1.0,3.0
выборка 500 МО,Prophet: лучшая конфигурация по test (в пользу Prophet),449.2306180599387,582.3372456104516,728.8042851073351,998.4856612165744,439.387629168082,546.0083453943812,900.099283711977,1230.033773752129,1.0,1.0,1.0,1.0,1.0,2.0,2.0,1.0
выборка 500 МО,TimesFM-2.5 на сыром ряду,535.3036709443252,753.6388271108458,1192.5810371357504,1615.151146617757,674.8494091563244,731.071433829971,911.4724885441036,1597.6320382307074,3.0,6.0,6.0,5.0,4.0,7.0,5.0,5.0
выборка 500 МО,TiRex на сыром ряду,551.1298500218472,735.9199341150272,1059.9755822545071,1472.035130691702,717.7516853196389,719.4241883825747,911.1530917839729,1705.140738200815,4.0,5.0,4.0,4.0,7.0,5.0,4.0,8.0
выборка 500 МО,"Prophet (log, годовая сезонность, праздники)",574.4735046980982,668.5065445097264,1097.541839608534,2104.479343238936,2078.6655680351805,2426.3227772420883,2088.3908593218302,1567.3686129736182,5.0,3.0,5.0,9.0,9.0,9.0,9.0,4.0
выборка 500 МО,Chronos-2 на сыром ряду,583.2504276267999,825.7572738222763,1277.6094552754173,1747.2762987022995,682.406707522589,754.466068203202,995.1785348257164,1663.5846150057268,6.0,7.0,7.0,6.0,5.0,8.0,8.0,6.0
выборка 500 МО,Prophet (по умолчанию),613.8843155824949,705.1017832067591,728.8042851073351,998.4856612165744,523.2103597929736,530.9395540242812,900.099283711977,1230.033773752129,7.0,4.0,1.0,1.0,3.0,1.0,2.0,1.0
выборка 500 МО,Chronos-Bolt (base) на сыром ряду,641.1835764439811,866.8843498717017,1378.838547459353,1952.909052372328,725.2421584943587,684.067601954312,939.8980113399156,1814.1943438307744,8.0,8.0,8.0,8.0,8.0,4.0,6.0,9.0
выборка 500 МО,Chronos-Bolt (small) на сыром ряду,669.0812413536801,970.768603829994,1556.3586030607164,1918.676276097152,711.0399886822089,723.8589686667634,980.9694849965384,1699.2539176636674,9.0,9.0,9.0,7.0,6.0,6.0,7.0,7.0
