детектор,величина,тревога в месяц выброса,тревога после выброса (ложный сдвиг),полнота на ступеньке,различение (ступенька / ложный сдвиг)
BOCPD,0.1,0.2612081442653732,0.24427710843373496,0.3520187894434882,1.4410633550584226
BOCPD,0.2,0.5412669500101195,0.5018484787155097,0.6164221142818593,1.228303243759158
CUSUM оконный,0.1,0.04282878266312001,0.05572680331716476,0.23580947165284516,4.2315269783330995
CUSUM оконный,0.2,0.12155434122647238,0.12483134318289145,0.4891047696147878,3.9181247044518
EWMA,0.1,0.1388391227246649,0.06295148124967402,0.2248177776039222,3.5712865391088213
EWMA,0.2,0.32198610267827027,0.08008668960399379,0.4636797544356743,5.789723070443298
GLR (онлайн-разрыв),0.1,0.12356112762739269,0.0811636155009649,0.27007738747196575,3.32756723323587
GLR (онлайн-разрыв),0.2,0.35358564393172776,0.2164271739863725,0.5388011873439924,2.4895265110189833
z-score (инновация),0.1,0.2506646716737078,0.07870736191519324,0.28092076096594165,3.5691802409618587
z-score (инновация),0.2,0.525274910611887,0.1626576941239965,0.5441678472643865,3.3454786765239573
