detector,recall,recall_at_onset,delay,precision,F1,far_per100
BOCPD + новости,0.2721939593518758,0.1830136816902734,0.5427984781106749,0.1843316031866108,0.17890101670561762,3.0006368179742746
BOCPD,0.2563657677068846,0.1685220188093828,0.5895548613187969,0.176352316303143,0.16961656595234104,3.0006368179742746
Комбо: BOCPD ∨ Stouffer-МО,0.24372681874611204,0.1403371733222977,0.6743204753801391,0.14952615329437896,0.15590106700137352,2.999265159017184
z-score (инновация),0.22601443211525962,0.16065419676391246,0.5600761939979578,0.15688278631177863,0.14738270538617418,3.0006368179742746
Stouffer-МО,0.21583034964319608,0.05954370807875081,0.8912191482930774,0.12484051493623348,0.13528117316981167,2.997636654148781
GLR (онлайн-разрыв),0.2071847949733123,0.10317919483670197,0.7556684532336979,0.1437120289114585,0.1375805395544212,3.0006368179742746
EWMA,0.18806902051851956,0.09927380529834685,0.6751769537926992,0.14083144533318612,0.1266145712460902,3.0006368179742746
Комбо: оконный ∨ Stouffer ∨ пространств.,0.186430679204096,0.047236173811921384,0.9284534186726415,0.11306511046858553,0.11475091284223352,2.999676888072147
CUSUM оконный,0.1655182358937608,0.05172400273394798,0.8822191642682204,0.10724321571749575,0.10156107835292409,3.0006368179742746
Пространственный,0.1393574854602013,0.046042449805436085,0.8546311436649799,0.10231793855170049,0.09499296918175743,3.0006368179742746
Page-Hinkley,0.10260387077495263,0.04597152073903711,0.7001040857936938,0.08947632025822921,0.07227436733477721,3.0006368179742746
CUSUM классический,0.06862585064459846,0.034113023686071366,0.5964491788472474,0.07634077187153737,0.05250663998347171,3.0006368179742746
