detector,0.03,0.05,0.1,0.2
BOCPD,0.078,0.124,0.287,0.537
BOCPD + новости,0.087,0.135,0.31,0.557
CUSUM классический,0.044,0.042,0.056,0.133
CUSUM оконный,0.058,0.075,0.167,0.362
EWMA,0.076,0.088,0.193,0.396
GLR (онлайн-разрыв),0.065,0.091,0.22,0.452
Page-Hinkley,0.05,0.054,0.097,0.209
Stouffer-МО,0.06,0.085,0.232,0.485
z-score (инновация),0.087,0.112,0.244,0.461
Комбо: BOCPD ∨ Stouffer-МО,0.067,0.099,0.27,0.538
Комбо: оконный ∨ Stouffer ∨ пространств.,0.059,0.073,0.185,0.429
Пространственный,0.057,0.073,0.133,0.295
