detector,0.01,0.03,0.05,средняя полнота (FAR 1–5 %)
BOCPD + новости,0.14539603153920183,0.27219395935187574,0.3620904087941467,0.25989346656174145
BOCPD,0.13877056749719355,0.2563657677068845,0.3384378601105054,0.24452473177152786
Комбо: BOCPD ∨ Stouffer-МО,0.13103404356671564,0.24372681874611202,0.31990889366312003,0.2315565853253159
z-score (инновация),0.11698864328309197,0.2260144321152596,0.30531040714814256,0.2161044941821647
Stouffer-МО,0.12528534755519186,0.21583034964319606,0.2797169187282026,0.20694420530886348
GLR (онлайн-разрыв),0.10906920905259536,0.20718479497331227,0.2716926267199667,0.19598221024862475
Комбо: оконный ∨ Stouffer ∨ пространств.,0.09316936644506428,0.18643067920409598,0.25410689885524873,0.17790231483480298
EWMA,0.09087541777497711,0.1880690205185195,0.25423514866945707,0.1777265289876512
CUSUM оконный,0.08110948720730196,0.16551823589376077,0.2212990902006331,0.1559756044338986
Пространственный,0.06931599849864288,0.13935748546020127,0.19481414077281767,0.13449587491055395
Page-Hinkley,0.04325714581932668,0.1026038707749526,0.15447161984049437,0.10011087881159121
Случайные тревоги (ориентир),0.029700999999999977,0.08732700000000004,0.1426250000000001,0.08655100000000004
CUSUM классический,0.02145638933519269,0.06862585064459842,0.11059657742241985,0.06689293913407031
