category,month,n_named,named_%,same_region_%,rest_%,p_named_vs_region,p_named_vs_rest
Все категории,2024-04,19,0.8424252418866018,2.9881210128761104,1.9337276213216015,0.0031406176216768025,0.011753976900721996
Все категории,2024-05,19,-0.8506401587579759,-1.666085430910158,-0.8533356594407238,0.35250007161635966,0.7392768696889773
Продовольствие,2024-04,19,-0.4266484145606597,0.011988464851242497,-0.7645786170636271,0.39098276874712945,0.4128365821220492
Продовольствие,2024-05,19,0.2668247690380099,-0.07369530185652451,0.39975682890247555,0.22344877648977257,0.9327126670608081
Маркетплейсы,2024-04,19,7.85617790654598,12.861007381151524,14.12223706072755,0.005807934470461979,5.902894544357474e-06
Маркетплейсы,2024-05,19,8.892069133379454,4.177802542001574,5.638803897048561,0.041421303097026026,0.12062342542842903
Здоровье,2024-04,19,2.2551418656100886,2.434097558445103,5.316995234542166,0.42591839785278884,0.005081154690844101
Здоровье,2024-05,19,-3.496123400658391,-3.346833181572295,-2.809904267103036,0.8734804954896964,0.6852148368002344
Общественное питание,2024-04,19,2.6637341793327884,1.3477631148671065,2.665379079353336,0.44404824339543736,0.9415148755945659
Общественное питание,2024-05,19,1.1094599641973346,1.0721019835749246,1.3744435153607348,0.9385828302798579,0.99705677560046
Транспорт,2024-04,19,4.015848574829484,0.8638478148061512,4.247785355870448,0.013482080277018698,0.9705743627470552
Транспорт,2024-05,19,-3.890639084329628,0.46957571785659624,0.7696815912757948,0.02683309682770125,0.002362757011012295
