модель,split,h,покрытие 80 %-интервала
chronos2_joint,val,1,0.8113425925925926
chronos2_joint,val,3,0.8766396604938271
chronos2_joint,val,6,0.9099840167548501
chronos2_joint,val,12,0.9380787037037037
chronos2_joint,test,1,0.8150628306878307
chronos2_joint,test,3,0.8312940917107584
chronos2_joint,test,6,0.8630539021164021
chronos2_joint,test,12,0.912023258377425
chronos_bolt,val,1,0.8431850749559083
chronos_bolt,val,3,0.8974178791887125
chronos_bolt,val,6,0.9149994488536155
chronos_bolt,val,12,0.9269179894179894
chronos_bolt,test,1,0.8307429453262787
chronos_bolt,test,3,0.8299575617283951
chronos_bolt,test,6,0.8617724867724867
chronos_bolt,test,12,0.898547729276896
chronos_bolt_small,val,1,0.8453621031746031
chronos_bolt_small,val,3,0.884796626984127
chronos_bolt_small,val,6,0.9089368386243386
chronos_bolt_small,val,12,0.9243551587301587
chronos_bolt_small,test,1,0.8247630070546738
chronos_bolt_small,test,3,0.8228891093474426
chronos_bolt_small,test,6,0.8548004850088183
chronos_bolt_small,test,12,0.8876488095238095
chronos2,val,1,0.8148423721340388
chronos2,val,3,0.8714864417989417
chronos2,val,6,0.8996086860670194
chronos2,val,12,0.9212962962962963
chronos2,test,1,0.8323137125220459
chronos2,test,3,0.8327270723104057
chronos2,test,6,0.8616071428571429
chronos2,test,12,0.8982032627865961
timesfm,val,1,0.8022762345679012
timesfm,val,3,0.7870094797178131
timesfm,val,6,0.7455632716049383
timesfm,val,12,0.7107308201058201
timesfm,test,1,0.8231509038800705
timesfm,test,3,0.7808228615520282
timesfm,test,6,0.7778053350970018
timesfm,test,12,0.732583774250441
