category,model,split,h,MAE,R2,WAPE,sMAPE,n,R2_yoy
Все категории,Ансамбль (Caruana по группам h),test,1,735.0963839374984,0.9922079684117919,0.02355698666362449,0.02568075731903662,1800,0.5100549523596148
Все категории,Ансамбль (Caruana по группам h),test,3,1020.7085388970572,0.9851302690569109,0.032709747950943564,0.03474405642210734,1800,0.13118935153196398
Все категории,Ансамбль (Caruana по группам h),test,6,1296.175406686719,0.9752488284999207,0.04153739215187493,0.0438215380560759,1800,-0.3574369248586875
Все категории,Ансамбль (Caruana по группам h),test,12,1050.0234695572567,0.9825673003814744,0.03364917772600026,0.0359418300471993,1800,-0.01947505589239662
Все категории,Prophet на d (локальная компонента),test,1,1212.4242010311023,0.9773757460874888,0.0382012919943078,0.03811009820170884,1200,0.1015788023168891
Все категории,Prophet на d (локальная компонента),test,3,1645.3798522618663,0.9581912892069911,0.05184294088187221,0.050001635448691635,1200,-0.47422856859544504
Все категории,Prophet на d (локальная компонента),test,6,2130.2864888107506,0.9323191364298827,0.06712147128156885,0.06426482826639014,1200,-1.4032958540952754
Все категории,Prophet на d (локальная компонента),test,12,3685.4291773366135,0.7227974991754289,0.11612120247026142,0.10834376475449763,1200,-6.389993522216276
Все категории,Prophet (по умолчанию),test,1,1772.6689253904503,0.9484033129759661,0.056807160458015434,0.05739170796137703,1800,-1.4592040489223992
Все категории,Prophet (по умолчанию),test,3,1987.5293583331502,0.9421103415151446,0.0636926035971319,0.06425032176527966,1800,-1.7865038995094809
Все категории,Prophet (по умолчанию),test,6,2127.5487620555245,0.9377168619846398,0.06817968216017523,0.07079213266786404,1800,-2.313216938740523
Все категории,Prophet (по умолчанию),test,12,2948.1537947242477,0.8652587622854988,0.09447688921095004,0.09629344802827979,1800,-5.347366100751848
Все категории,"Prophet (log, годовая сезонность, праздники)",test,1,1845.2942231283794,0.953581808484132,0.05814188084763268,0.05890912815600046,1200,-1.02230696845394
Все категории,"Prophet (log, годовая сезонность, праздники)",test,3,2013.0536709126,0.947783813357219,0.06342767738993087,0.06632233989803456,1200,-1.7257837927331567
Все категории,"Prophet (log, годовая сезонность, праздники)",test,6,3427.0223265943464,0.8008842853747034,0.10797927033946124,0.1096665357250077,1200,-7.397223503718555
Все категории,"Prophet (log, годовая сезонность, праздники)",test,12,7067.683029940223,-0.11138319409488284,0.22268989922862353,0.2222309168457776,1200,-42.345274838957764
Все категории,Prophet: лучшая конфигурация по test (в пользу Prophet),test,1,1212.4242010311023,0.9773757460874888,0.0382012919943078,0.03811009820170884,1200,0.1015788023168891
Все категории,Prophet: лучшая конфигурация по test (в пользу Prophet),test,3,1645.3798522618663,0.9581912892069911,0.05184294088187221,0.050001635448691635,1200,-0.47422856859544504
Все категории,Prophet: лучшая конфигурация по test (в пользу Prophet),test,6,2127.5487620555245,0.9377168619846398,0.06817968216017523,0.07079213266786404,1800,-2.313216938740523
Все категории,Prophet: лучшая конфигурация по test (в пользу Prophet),test,12,2948.1537947242477,0.8652587622854988,0.09447688921095004,0.09629344802827979,1800,-5.347366100751848
Все категории,Панель: последнее отклонение,test,1,765.3375994491458,0.9910336787702133,0.024526100273847665,0.026770876604366025,1800,0.4409495252143639
Все категории,Панель: последнее отклонение,test,3,1089.431232482387,0.9816653137176374,0.03491204361128464,0.03677009559843242,1800,-0.007299743663130576
Все категории,Панель: последнее отклонение,test,6,1369.19143794756,0.9702622639139107,0.043877272625003017,0.04651728029970828,1800,-0.5957003661704139
Все категории,Панель: последнее отклонение,test,12,1060.878707200646,0.9824535700077961,0.03399704597019713,0.03649526666794892,1800,-0.04148967701246975
Продовольствие,Ансамбль (Caruana по группам h),test,1,424.9890403394189,0.9657256389497045,0.03368368524567021,0.03505742214454183,1800,0.2839975303056169
Продовольствие,Ансамбль (Caruana по группам h),test,3,665.4566175181667,0.921928173918192,0.052742610094670773,0.0547402677187588,1800,-0.6267965734112935
Продовольствие,Ансамбль (Caruana по группам h),test,6,906.024256121983,0.8629093512007322,0.07180946558946998,0.07166524454282967,1800,-1.539484905113623
Продовольствие,Ансамбль (Caruana по группам h),test,12,776.7032224616581,0.8854968081883203,0.0615597683502655,0.06161807978013671,1800,-1.1052707137643054
Продовольствие,Prophet на d (локальная компонента),test,1,481.0223395994771,0.9571222961815572,0.03778206088162639,0.03866288489777719,1200,0.11939373590005642
Продовольствие,Prophet на d (локальная компонента),test,3,708.6372425842081,0.9142472008820058,0.055660149723186586,0.056594043552850075,1200,-0.7599514112725776
Продовольствие,Prophet на d (локальная компонента),test,6,948.1480666710114,0.8498869995454505,0.07447260767470487,0.07351084394558681,1200,-1.823476810713442
Продовольствие,Prophet на d (локальная компонента),test,12,1073.463794709497,0.7605224199426437,0.08431557353387417,0.08186558568961017,1200,-3.1877239662847865
Продовольствие,Prophet (по умолчанию),test,1,996.1128250747138,0.833359153906459,0.07894968501351234,0.07883158334921803,1800,-1.9457191571249992
Продовольствие,Prophet (по умолчанию),test,3,1148.0885132018877,0.7926480455197759,0.09099493973297872,0.09061142792079367,1800,-2.73276361687547
Продовольствие,Prophet (по умолчанию),test,6,1006.7031730699563,0.8349612186651615,0.07978905241985526,0.0798946244647525,1800,-2.0256126100921894
Продовольствие,Prophet (по умолчанию),test,12,1350.5980018386256,0.638640064963091,0.107045390984742,0.10307311936104595,1800,-4.828498270588084
Продовольствие,"Prophet (log, годовая сезонность, праздники)",test,1,780.4507671469499,0.8928015238455823,0.06130076707873993,0.061056212559480606,1200,-0.9731735917537072
Продовольствие,"Prophet (log, годовая сезонность, праздники)",test,3,819.4194861038035,0.8815212639230835,0.0643615781698272,0.06531314957058254,1200,-1.3875491230738688
Продовольствие,"Prophet (log, годовая сезонность, праздники)",test,6,1164.143683829524,0.7053406332488444,0.09143805581676505,0.09101631778664095,1200,-4.4301127714813555
Продовольствие,"Prophet (log, годовая сезонность, праздники)",test,12,2220.850652576756,-1.0325158031596149,0.17443745883927325,0.1647711063163151,1200,-27.558435833124847
Продовольствие,Prophet: лучшая конфигурация по test (в пользу Prophet),test,1,481.0223395994771,0.9571222961815572,0.03778206088162639,0.03866288489777719,1200,0.11939373590005642
Продовольствие,Prophet: лучшая конфигурация по test (в пользу Prophet),test,3,708.6372425842081,0.9142472008820058,0.055660149723186586,0.056594043552850075,1200,-0.7599514112725776
Продовольствие,Prophet: лучшая конфигурация по test (в пользу Prophet),test,6,1006.7031730699563,0.8349612186651615,0.07978905241985526,0.0798946244647525,1800,-2.0256126100921894
Продовольствие,Prophet: лучшая конфигурация по test (в пользу Prophet),test,12,1350.5980018386256,0.638640064963091,0.107045390984742,0.10307311936104595,1800,-4.828498270588084
Продовольствие,Панель: последнее отклонение,test,1,426.0470425908912,0.9657284332040655,0.03376754014884452,0.03472608927114961,1800,0.31028902143054116
Продовольствие,Панель: последнее отклонение,test,3,662.0530781085413,0.9223555165163122,0.052472853137871374,0.05417298232241343,1800,-0.5875417263747573
Продовольствие,Панель: последнее отклонение,test,6,900.6182218724464,0.8619835653569857,0.07138099534952386,0.0717744214314641,1800,-1.6042547867329509
Продовольствие,Панель: последнее отклонение,test,12,786.9588460934997,0.8813810377613023,0.062372606248713686,0.062468183531303303,1800,-1.179058797459268
Маркетплейсы,Ансамбль (Caruana по группам h),test,1,499.43898260538367,0.879723131195857,0.09438443913136502,0.10099221585808023,1800,0.66577790629963
Маркетплейсы,Ансамбль (Caruana по группам h),test,3,474.665429503772,0.867029600414088,0.08970271023910072,0.09760217377934498,1800,0.6075024372768927
Маркетплейсы,Ансамбль (Caruana по группам h),test,6,470.5201161306125,0.8618703395891307,0.08891932509822047,0.10488354967005907,1800,0.4142769451331184
Маркетплейсы,Ансамбль (Caruana по группам h),test,12,799.8781969672626,0.6711357904411608,0.15116171869550174,0.18900539770320612,1800,-0.720830912150408
Маркетплейсы,Prophet на d (локальная компонента),test,1,497.5266518518671,0.863973295545686,0.0942942527844913,0.10468876394674326,1200,0.4321875652307652
Маркетплейсы,Prophet на d (локальная компонента),test,3,510.8667114697396,0.8448526405739534,0.09682254136779793,0.10817248552581736,1200,0.3060794248270361
Маркетплейсы,Prophet на d (локальная компонента),test,6,565.5161370019589,0.8128090445747898,0.10718003021082098,0.12743179547080344,1200,-0.10944457616479397
Маркетплейсы,Prophet на d (локальная компонента),test,12,1020.6200205463625,0.42424775573664286,0.19343406399656626,0.24045769838307918,1200,-3.061897095051372
Маркетплейсы,Prophet (по умолчанию),test,1,527.801204292481,0.8165275447395395,0.09974435791962513,0.09872638556721423,1800,0.6022137947437549
Маркетплейсы,Prophet (по умолчанию),test,3,599.0074165117531,0.763094805985921,0.11320097351643998,0.11287380332488504,1800,0.45542380514985126
Маркетплейсы,Prophet (по умолчанию),test,6,708.707289650824,0.6997040945524423,0.13393215662313385,0.13456366304871664,1800,0.21569008674831291
Маркетплейсы,Prophet (по умолчанию),test,12,691.1964592500653,0.7109653253026631,0.13062294375897515,0.16530612360899535,1800,-1.0909161151849762
Маркетплейсы,"Prophet (log, годовая сезонность, праздники)",test,1,512.501818332863,0.8446280328445698,0.09713243668558066,0.09478271609877183,1200,0.5550389578474078
Маркетплейсы,"Prophet (log, годовая сезонность, праздники)",test,3,731.3300922854978,0.6743845256332677,0.1386060914208194,0.1339788900004755,1200,0.05229681734629632
Маркетплейсы,"Prophet (log, годовая сезонность, праздники)",test,6,1204.5168517551167,0.037117952247145536,0.2282873009512533,0.201454795510106,1200,-1.2384836202545562
Маркетплейсы,"Prophet (log, годовая сезонность, праздники)",test,12,1953.1737940078806,-0.88815066452518,0.3701772815158824,0.44863554100833314,1200,-8.647657348214382
Маркетплейсы,Prophet: лучшая конфигурация по test (в пользу Prophet),test,1,497.5266518518671,0.863973295545686,0.0942942527844913,0.10468876394674326,1200,0.4321875652307652
Маркетплейсы,Prophet: лучшая конфигурация по test (в пользу Prophet),test,3,510.8667114697396,0.8448526405739534,0.09682254136779793,0.10817248552581736,1200,0.3060794248270361
Маркетплейсы,Prophet: лучшая конфигурация по test (в пользу Prophet),test,6,708.707289650824,0.6997040945524423,0.13393215662313385,0.13456366304871664,1800,0.21569008674831291
Маркетплейсы,Prophet: лучшая конфигурация по test (в пользу Prophet),test,12,691.1964592500653,0.7109653253026631,0.13062294375897515,0.16530612360899535,1800,-1.0909161151849762
Маркетплейсы,Панель: последнее отклонение,test,1,517.8240725307566,0.8722390408550911,0.09785887036605519,0.10380872609454868,1800,0.6543700943753297
Маркетплейсы,Панель: последнее отклонение,test,3,512.0963361017311,0.852431441670082,0.0967764374579836,0.10251273980294157,1800,0.6015699495756314
Маркетплейсы,Панель: последнее отклонение,test,6,479.30602908007006,0.8601724714189208,0.0905796950230222,0.10488789115095233,1800,0.46235023417055143
Маркетплейсы,Панель: последнее отклонение,test,12,796.4338811659469,0.6698751126722309,0.15051080872166947,0.18811591379118633,1800,-0.6983999007730524
Здоровье,Ансамбль (Caruana по группам h),test,1,82.71879695318216,0.9731880702370542,0.056891832843317794,0.0618212773840723,1800,0.49051478700098317
Здоровье,Ансамбль (Caruana по группам h),test,3,90.86086299349101,0.9659351293985345,0.06249173367875525,0.06917548229323299,1800,0.33229709565123466
Здоровье,Ансамбль (Caruana по группам h),test,6,88.5524951543392,0.9643504068896294,0.060904098436426406,0.06883033787595119,1800,0.2759953948332733
Здоровье,Ансамбль (Caruana по группам h),test,12,183.02722919302488,0.8682946645386185,0.12588135844043621,0.14301476411322736,1800,-1.4176808854042693
Здоровье,Prophet на d (локальная компонента),test,1,125.15037820593867,0.9257785397539128,0.08394556011447953,0.07933110652048872,1200,0.18253409249528696
Здоровье,Prophet на d (локальная компонента),test,3,143.34251235007775,0.9042642042823548,0.09614807130381477,0.09088333917712704,1200,-0.07358192564194077
Здоровье,Prophet на d (локальная компонента),test,6,178.87494146627262,0.8428036712501625,0.1199817161329079,0.1084617095793431,1200,-0.48919700281325174
Здоровье,Prophet на d (локальная компонента),test,12,333.453752813169,0.42815794447870836,0.22366661973737761,0.22898543715523856,1200,-6.1223186233641895
Здоровье,Prophet (по умолчанию),test,1,100.5960573383707,0.9591135723944406,0.06918734664420471,0.07623581144746278,1800,0.23441811517755162
Здоровье,Prophet (по умолчанию),test,3,131.7126451367569,0.9333405377428093,0.09058852481513684,0.09902368484116848,1800,-0.18569548482068865
Здоровье,Prophet (по умолчанию),test,6,124.08044277150414,0.9380755228351654,0.08533929492805213,0.09725061769102968,1800,-0.30708190494879406
Здоровье,Prophet (по умолчанию),test,12,323.98475756133223,0.6271511860242782,0.22282827301507407,0.3251179387435761,1800,-13.978933349151268
Здоровье,"Prophet (log, годовая сезонность, праздники)",test,1,93.8647513586271,0.9649525008146762,0.06296048993827494,0.06969048688518036,1200,0.27765685378184846
Здоровье,"Prophet (log, годовая сезонность, праздники)",test,3,122.5648835656091,0.9293081506593269,0.08221132008367193,0.09202936216460643,1200,-0.41665153253064524
Здоровье,"Prophet (log, годовая сезонность, праздники)",test,6,190.60292185027976,0.8058721243828857,0.1278483474324719,0.14230729584523324,1200,-2.4767706503394384
Здоровье,"Prophet (log, годовая сезонность, праздники)",test,12,419.30111481656945,-0.32775809150496404,0.28124938529536436,0.24755703585482436,1200,-10.452724431252117
Здоровье,Prophet: лучшая конфигурация по test (в пользу Prophet),test,1,125.15037820593867,0.9257785397539128,0.08394556011447953,0.07933110652048872,1200,0.18253409249528696
Здоровье,Prophet: лучшая конфигурация по test (в пользу Prophet),test,3,143.34251235007775,0.9042642042823548,0.09614807130381477,0.09088333917712704,1200,-0.07358192564194077
Здоровье,Prophet: лучшая конфигурация по test (в пользу Prophet),test,6,124.08044277150414,0.9380755228351654,0.08533929492805213,0.09725061769102968,1800,-0.30708190494879406
Здоровье,Prophet: лучшая конфигурация по test (в пользу Prophet),test,12,323.98475756133223,0.6271511860242782,0.22282827301507407,0.3251179387435761,1800,-13.978933349151268
Здоровье,Панель: последнее отклонение,test,1,93.04775905984486,0.9634542129087167,0.06399582380138034,0.06827620856778396,1800,0.3691313882445857
Здоровье,Панель: последнее отклонение,test,3,106.50722118056181,0.9500388532828224,0.07325289108641585,0.0794235471459061,1800,0.1300797594256482
Здоровье,Панель: последнее отклонение,test,6,102.6446108256113,0.9506766260181702,0.07059628834620565,0.07745071423953268,1800,0.11807240807549313
Здоровье,Панель: последнее отклонение,test,12,190.15798712099863,0.858229621932023,0.1307857079115009,0.14692081440067206,1800,-1.5029556766163719
Общественное питание,Ансамбль (Caruana по группам h),test,1,69.02646496727249,0.9928822219854461,0.05547004758732646,0.09172887426777132,1800,0.5899405603622038
Общественное питание,Ансамбль (Caruana по группам h),test,3,112.82336783435045,0.9819778227623482,0.09066548005465894,0.13305956468627542,1800,0.231619062636519
Общественное питание,Ансамбль (Caruana по группам h),test,6,132.86284202311467,0.9779143463519883,0.10676931193135708,0.16588871131097757,1800,-0.18854687197864783
Общественное питание,Ансамбль (Caruana по группам h),test,12,113.80512106303719,0.9821969842470035,0.091454422358746,0.14685427067156417,1800,0.0011440282719304973
Общественное питание,Prophet на d (локальная компонента),test,1,193.02806051305762,0.936602666478856,0.14590582796176585,0.15500266377531066,1200,0.07901987386143416
Общественное питание,Prophet на d (локальная компонента),test,3,261.37899691036347,0.8915074476444109,0.19757085500759414,0.20282108172639818,1200,-0.5002368276460882
Общественное питание,Prophet на d (локальная компонента),test,6,292.6789586321431,0.8688780377907537,0.2212298340081054,0.24598389282765878,1200,-1.3405522972027226
Общественное питание,Prophet на d (локальная компонента),test,12,555.281520933296,0.5053051467570604,0.41972555621342184,0.3900826397088747,1200,-4.4026384025201475
Общественное питание,Prophet (по умолчанию),test,1,140.95031053200896,0.976930468705367,0.11326844618750175,0.16543649283924716,1800,-0.07817615940058564
Общественное питание,Prophet (по умолчанию),test,3,181.50558098820252,0.9607976333604928,0.14585888498787428,0.2247673186616892,1800,-1.1086039193472392
Общественное питание,Prophet (по умолчанию),test,6,192.1072845974084,0.9567569619949571,0.1543784724242033,0.29439593943832343,1800,-3.2365124501357467
Общественное питание,Prophet (по умолчанию),test,12,280.1986798631367,0.8763685009120794,0.22516920304818555,0.3136996541178982,1800,-3.4069883277437842
Общественное питание,"Prophet (log, годовая сезонность, праздники)",test,1,92.09860681137819,0.9899929115890053,0.06961538879488587,0.1182185802328037,1200,0.3347921927899975
Общественное питание,"Prophet (log, годовая сезонность, праздники)",test,3,143.40901576333485,0.9753371382731075,0.10839984159047103,0.17605295986715613,1200,-0.39002495693789085
Общественное питание,"Prophet (log, годовая сезонность, праздники)",test,6,281.40479677393944,0.7870446626223679,0.21270793353351147,0.28612752442050765,1200,-2.388113365518265
Общественное питание,"Prophet (log, годовая сезонность, праздники)",test,12,461.06980175116286,0.48056964334108354,0.3485129104745882,0.35590265431515444,1200,-4.380588365496091
Общественное питание,Prophet: лучшая конфигурация по test (в пользу Prophet),test,1,193.02806051305762,0.936602666478856,0.14590582796176585,0.15500266377531066,1200,0.07901987386143416
Общественное питание,Prophet: лучшая конфигурация по test (в пользу Prophet),test,3,261.37899691036347,0.8915074476444109,0.19757085500759414,0.20282108172639818,1200,-0.5002368276460882
Общественное питание,Prophet: лучшая конфигурация по test (в пользу Prophet),test,6,192.1072845974084,0.9567569619949571,0.1543784724242033,0.29439593943832343,1800,-3.2365124501357467
Общественное питание,Prophet: лучшая конфигурация по test (в пользу Prophet),test,12,280.1986798631367,0.8763685009120794,0.22516920304818555,0.3136996541178982,1800,-3.4069883277437842
Общественное питание,Панель: последнее отклонение,test,1,66.51176567348837,0.9935085839321923,0.05344922137870984,0.09431570882743118,1800,0.5376627535977634
Общественное питание,Панель: последнее отклонение,test,3,114.63070014708326,0.9810263395414133,0.09211786225967167,0.14492241484205906,1800,0.01652687354900051
Общественное питание,Панель: последнее отклонение,test,6,128.62438690517453,0.9791802565952661,0.1033632660444591,0.17455919441732992,1800,-0.40098745189964413
Общественное питание,Панель: последнее отклонение,test,12,113.4434887907364,0.9828543700264918,0.09116381267211132,0.14874771421566213,1800,-0.04033538032638795
Транспорт,Ансамбль (Caruana по группам h),test,1,89.59764129436431,0.9845840464717132,0.04858947451300958,0.05673205566058502,1800,0.5640665778640874
Транспорт,Ансамбль (Caruana по группам h),test,3,117.54238505839724,0.9727138916435225,0.06374411915855416,0.07265371228402845,1800,0.23948997801826666
Транспорт,Ансамбль (Caruana по группам h),test,6,155.58036351180198,0.9520760978994753,0.08437240086204106,0.09509746315003374,1800,-0.20884272830530537
Транспорт,Ансамбль (Caruana по группам h),test,12,146.50165825729482,0.9570648594771992,0.07944895074435644,0.09137079470905805,1800,-0.17371177744426114
Транспорт,Prophet на d (локальная компонента),test,1,186.23207715818924,0.9337250980109797,0.09778233377474255,0.09476517765856182,1200,0.10717236302687683
Транспорт,Prophet на d (локальная компонента),test,3,224.41815808645458,0.9006099403717879,0.11783217786097537,0.1143448027071186,1200,-0.3788947972555945
Транспорт,Prophet на d (локальная компонента),test,6,258.62308483322323,0.871010346005441,0.13579169168335598,0.14254736497730883,1200,-1.2020779241625497
Транспорт,Prophet на d (локальная компонента),test,12,658.331382958507,0.06248046982097677,0.3456610698067698,0.27606375831521224,1200,-6.20889748266578
Транспорт,Prophet (по умолчанию),test,1,145.176570866944,0.9600233697050745,0.07873034588991133,0.09179617703706001,1800,-0.05598256207356456
Транспорт,Prophet (по умолчанию),test,3,182.76718506880445,0.9370115819723044,0.09911601859628158,0.12078393091775406,1800,-0.8934350269639637
Транспорт,Prophet (по умолчанию),test,6,213.67875849879314,0.9185729264917664,0.11587959727575664,0.1620251258772542,1800,-2.68498328595549
Транспорт,Prophet (по умолчанию),test,12,396.78227406203814,0.6971719338635471,0.21517801042787119,0.22704110369076164,1800,-5.613126835979106
Транспорт,"Prophet (log, годовая сезонность, праздники)",test,1,122.63086141039196,0.9735705223354116,0.06438811188971294,0.07385825550333952,1200,0.38764961452113367
Транспорт,"Prophet (log, годовая сезонность, праздники)",test,3,181.26211842751354,0.9255321880421311,0.09517282540827122,0.10867840270716132,1200,-0.5003523302716799
Транспорт,"Prophet (log, годовая сезонность, праздники)",test,6,317.5604568479982,0.7437389689115399,0.1667371328237652,0.18873423518862129,1200,-3.3903086408048235
Транспорт,"Prophet (log, годовая сезонность, праздники)",test,12,504.79766634102134,0.12853423787154294,0.2650472177085866,0.2594858390122521,1200,-9.794455454033217
Транспорт,Prophet: лучшая конфигурация по test (в пользу Prophet),test,1,186.23207715818924,0.9337250980109797,0.09778233377474255,0.09476517765856182,1200,0.10717236302687683
Транспорт,Prophet: лучшая конфигурация по test (в пользу Prophet),test,3,224.41815808645458,0.9006099403717879,0.11783217786097537,0.1143448027071186,1200,-0.3788947972555945
Транспорт,Prophet: лучшая конфигурация по test (в пользу Prophet),test,6,213.67875849879314,0.9185729264917664,0.11587959727575664,0.1620251258772542,1800,-2.68498328595549
Транспорт,Prophet: лучшая конфигурация по test (в пользу Prophet),test,12,396.78227406203814,0.6971719338635471,0.21517801042787119,0.22704110369076164,1800,-5.613126835979106
Транспорт,Панель: последнее отклонение,test,1,95.95608562053273,0.9826387725560395,0.0520377066769983,0.06056220965513137,1800,0.5053470462967873
Транспорт,Панель: последнее отклонение,test,3,123.66610947924366,0.9674747404402376,0.06706506095314721,0.07797259164730949,1800,0.1280184529444054
Транспорт,Панель: последнее отклонение,test,6,164.68235177124922,0.9452245232269458,0.08930847752835774,0.10157195757602559,1800,-0.4254145163671572
Транспорт,Панель: последнее отклонение,test,12,147.00078706567274,0.956660507914606,0.07971963204983532,0.09257877035477104,1800,-0.23488037860067523
