,0
region,2828178713.0716147
target_month,1185600365.5
reg_chg3,824149703.4887153
d_mo_mean0,735081125.5891927
nb_dist1,593011275.9605035
category,564546884.1618924
market_access,554182338.8559028
ly0,522956774.43272567
origin_month,476061149.3888889
d_l0,468584043.5833333
d_seas,468405519.3888889
h,395920717.2222222
lat,344099493.2317708
d_slope6,337064808.4782986
nb_gap0,305036751.36501735
reg_mean0,286242104.1111111
d_l5,239515528.7829861
d_all0,237042922.20377603
d_l3,236334773.29470485
lon,231453368.7951389
d_l1,215262441.35720485
d_t12,213830669.44444445
nb_chg3,212348192.5221354
nb_mean0,199560373.8454861
d_std6,169379363.16796875
d_l4,161770173.0559896
d_l2,154255982.44444445
d_yoy,99209252.27777778
artifact_in_window,78112674.0
d_mean6,51306883.63888889
mo_type,50455854.30555555
d_mean3,48218628.55642361
artifact_seas,17337157.388888888
