date,title,types,mo_names,regions
2024-02-16,"Состоялось заседание Комиссии по предупреждению и ликвидации ЧС, обеспечению пожарной безопасности",['emergency'],,Республика Алтай
2024-08-30,Число погибших при обстреле Белгорода возросло,['attack'],городской округ город Белгород,
2023-12-19,Собянин сообщил об отражении атаки беспилотника под Москвой,['attack'],,Москва
2024-11-06,Сотрудники МЧС России приняли участие в открытии мемориального комплекса в Чемале,['emergency'],,Республика Алтай
2024-02-08,"На складе Wildberries под Москвой произошла массовая драка. Ее участников отвезли в военкомат, им пригрозили увольнением",['economy'],,Москва
2024-04-05,Виктор Орлов рассказал о принимаемых мерах по защите Западной Сибири от паводков,['emergency'],,Новосибирская область
2023-09-22,ВСУ нанесли ракетный удар по штабу Черноморского флота в Севастополе. Что известно об атаке?,['attack'],,Севастополь
2023-10-02,Появились подробности попытки атаки ВСУ авиационного завода в Смоленской области,"['attack', 'economy']",,Смоленская область
2023-08-23,Минобороны отчиталось об уничтожении двух беспилотников ВСУ в Брянской области,['attack'],,Брянская область
2024-08-12,Покинувшие дома жители Курской области рассказали о спасении из-под обстрелов ВСУ,['attack'],,Курская область
2024-07-25,Сотрудники МЧС России проверили  созданные условия безопасного детского отдыха в детском лагере «Эрзи»,['emergency'],,Республика Ингушетия
2024-03-27,Сотрудники МЧС России пришли на помощь жителям Оренбуржья,['emergency'],,Оренбургская область
2024-05-31,У села Саскылах сохраняется угроза подтопления пониженных участков местности,['emergency'],,Республика Саха (Якутия)
2023-08-02,Остатки рухнувшего дрона повредили частный дом в деревне под Москвой,['attack'],,Москва
2024-05-31,МЧС Татарстана наградили золотой медалью «Гарантия качества и безопасности»,['emergency'],,Республика Татарстан
2023-03-02,Путину доложили об атаке украинских диверсантов на Брянскую область,['attack'],,Брянская область
2023-04-05,"Распоряжение губернатора Еврейской автономной области от 03.04.2023 № 66-рг  ""О введении режима чрезвычайной ситуации в лесах на территории Еврейской автономной области""",['emergency'],,Еврейская автономная область
2024-11-16,В Курской области сообщили о десяти сбитых дронах над регионом,['attack'],,Курская область
2024-01-09,Появилось фото последствий удара беспилотников ВСУ по нефтебазе в Орле,['attack'],городской округ город Орёл,
2023-08-06,Появились фото сбитого под Москвой беспилотника,['attack'],,Москва
2024-02-08,Инспекторы МЧС проверили пожарную безопасность котельных г.Магаса,['emergency'],городской округ город Магас,
2024-01-25,В Калмыкии подвели итоги деятельности подсистем РСЧС Южного федерального округа за 2023 год,['emergency'],,Республика Калмыкия
2024-03-13,Появились данные о пострадавших при атаке БПЛА на нефтезавод в Рязани,['attack'],городской округ город Рязань,
2024-01-10,При обстреле Брянской области пострадал россиянин,['attack'],,Брянская область
2024-01-31,Предполагаемое падение дрона и взрыв в Санкт-Петербурге попали на видео,['attack'],,Санкт-Петербург
2023-08-18,В Думе назвали атаку БПЛА на Москву рассчитанной на зрителя «Tik-Tok-операцией»,['attack'],,Москва
2023-06-13,Пожар на нефтеперерабатывающем заводе в Краснодаре потушен,['economy'],городской округ город Краснодар,
2024-11-04,Российские военные сорвали атаки ВСУ в Курской области,['attack'],,Курская область
2024-04-10,На особом контроле сотрудников МЧС России паводковая ситуация в Юргинском муниципальном округе Кузбасса,['emergency'],,Кемеровская область
2024-10-02,В Курской области уничтожили еще четыре беспилотника ВСУ,['attack'],,Курская область
2024-04-23,Пики паводка пройдены. На контроле пожароопасная ситуация,['emergency'],Чишминский муниципальный район,
2023-06-19,Глава Белгородской области показал последствия обстрела ВСУ приграничного города,['attack'],,Белгородская область
2024-03-30,Сотрудники МЧС России провели занятие для коллектива  «Газпром межрегионгаз Владикавказ»,['emergency'],городской округ город Владикавказ,
2024-12-25,Александр Куренков: МЧС России ведет активную работу по развитию системы комплексной безопасности Арктической зоны,['emergency'],,Республика Ингушетия
2024-07-05,В Подмосковье заметили смерч,['emergency'],,Московская область
2023-11-30,Минобороны заявило о сбитом в Белгородской области беспилотнике,['attack'],,Белгородская область
2023-08-04,В порту Новороссийска сняли запрет на движение судов после атаки ВСУ,['attack'],городской округ город Новороссийск,
2024-04-19,Сотрудники регионального МЧС совместно с МВД республики проводят профилактические рейды в частном секторе,['emergency'],,Республика Калмыкия
2024-05-16,МЧС России - в тройке лидеров индекса надёжности HTTPS,['emergency'],,Чувашская Республика
2024-05-13,В МЧС России проходит конкурс «Великая Победа – гордость поколений»,['emergency'],,Кемеровская область
2024-03-02,О подготовке к безаварийному прохождению весеннего половодья,['emergency'],,Республика Башкортостан
2024-12-30,В Санкт-Петербурге из-за угрозы наводнения закрыли дамбу,['emergency'],,Санкт-Петербург
2024-11-05,Опубликованы кадры с места удара беспилотника по многоквартирному дому в Белгороде,['attack'],городской округ город Белгород,
2024-05-17,Ветераны МЧС в Приамурье избрали нового председателя  ветеранской организации,['emergency'],,Амурская область
2023-06-01,Пожар в жилой пятиэтажке в Шебекино после обстрела ВСУ попал на видео,['attack'],городской округ Шебекинский,
2024-08-31,Число пострадавших в результате обстрела ВСУ Белгорода возросло,['attack'],городской округ город Белгород,
2024-05-18,Более 200 образцов техники и передового вооружения МЧС России представит на салоне «Комплексная безопасность»,['emergency'],,Республика Башкортостан
2023-07-11,"Распоряжение Губернатора Омской области от 10.07.2023 № 84-р  ""О введении режима чрезвычайной ситуации и установлении уровня реагирования""",['emergency'],,Омская область
2024-04-22,О паводковой обстановке в п. Игра Удмуртской Республики,['emergency'],,Удмуртская Республика
2024-07-28,Над Курской областью сбили украинский беспилотник,['attack'],,Курская область
2024-04-10,Паводковая обстановка на территории Кузбасса под контролем спасателей,['emergency'],,Кемеровская область
2024-04-17,Сотрудники МЧС России дали советы судовладельцам перед открытием навигации,['emergency'],городской округ город Кострома,
2024-12-17,МЧС России напоминает:  соблюдение правил пожарной безопасности сохранит вашу жизнь и ваше имущество!,['emergency'],,Республика Адыгея
2024-08-21,Число жертв атак ВСУ в Курской области возросло,['attack'],,Курская область
2024-07-31,В Приморье рассказали о масштабе подтопления,['emergency'],,Приморский край
2024-04-19,Во время пожара в Новокузнецке сотрудники МЧС России пришли на помощь людям,['emergency'],городской округ Новокузнецкий,
2024-06-20,Сотрудники МЧС России провели беседу с ребятами пришкольного лагеря о правилах пожарной безопасности в быту и на природе,['emergency'],,Республика Ингушетия
2024-05-12,МЧС России призывает   к осторожности при эксплуатации электросамокатов,['emergency'],,Кемеровская область
2024-08-03,Появились подробности об атаке беспилотника на жилую многоэтажку под Орлом,['attack'],городской округ город Орёл,
2023-08-23,ВСУ обстреляли сразу несколько населенных пунктов Белгородской области,['attack'],,Белгородская область
